-- MariaDB dump 10.17  Distrib 10.4.13-MariaDB, for Linux (x86_64)
--
-- Host: 35.184.65.113    Database: asadas_test
-- ------------------------------------------------------
-- Server version	5.7.25-google-log

/*!40101 SET @OLD_CHARACTER_SET_CLIENT=@@CHARACTER_SET_CLIENT */;
/*!40101 SET @OLD_CHARACTER_SET_RESULTS=@@CHARACTER_SET_RESULTS */;
/*!40101 SET @OLD_COLLATION_CONNECTION=@@COLLATION_CONNECTION */;
/*!40101 SET NAMES utf8mb4 */;
/*!40103 SET @OLD_TIME_ZONE=@@TIME_ZONE */;
/*!40103 SET TIME_ZONE='+00:00' */;
/*!40014 SET @OLD_UNIQUE_CHECKS=@@UNIQUE_CHECKS, UNIQUE_CHECKS=0 */;
/*!40014 SET @OLD_FOREIGN_KEY_CHECKS=@@FOREIGN_KEY_CHECKS, FOREIGN_KEY_CHECKS=0 */;
/*!40101 SET @OLD_SQL_MODE=@@SQL_MODE, SQL_MODE='NO_AUTO_VALUE_ON_ZERO' */;
/*!40111 SET @OLD_SQL_NOTES=@@SQL_NOTES, SQL_NOTES=0 */;

--
-- Table structure for table `ASADA`
--

DROP TABLE IF EXISTS `ASADA`;
/*!40101 SET @saved_cs_client     = @@character_set_client */;
/*!40101 SET character_set_client = utf8 */;
CREATE TABLE `ASADA` (
  `ID` varchar(20) NOT NULL,
  `Nombre` varchar(150) DEFAULT NULL,
  `DISTRITO_id` int(11) NOT NULL,
  `Latitud` varchar(50) DEFAULT NULL,
  `Longitud` varchar(50) DEFAULT NULL,
  `Estado` tinyint(1) NOT NULL DEFAULT '1',
  PRIMARY KEY (`ID`),
  KEY `ASADA_DISTRITO_FK` (`DISTRITO_id`),
  CONSTRAINT `ASADA_DISTRITO_FK` FOREIGN KEY (`DISTRITO_id`) REFERENCES `DISTRITO` (`Codigo`) ON DELETE CASCADE
) ENGINE=InnoDB DEFAULT CHARSET=utf8;
/*!40101 SET character_set_client = @saved_cs_client */;

--
-- Dumping data for table `ASADA`
--

LOCK TABLES `ASADA` WRITE;
/*!40000 ALTER TABLE `ASADA` DISABLE KEYS */;
INSERT INTO `ASADA` VALUES ('1151A','ASADA San Pedro',1151,'-84.556378','8.043213',1),('20212A','COMITÉ DE ACUADUCTO RURAL LAS PARCELAS DE ZAPOTAL',20212,'-84.66283456','10.17148027',1),('2033A','ASADA Santa Gertrudis Centro.',2033,'-84.2825','10.087718',1),('2033B','Santa Gertrudis Sur',2033,'-84.2746','10.074',1),('30111A','ASADA QUEBRADILLA',30111,'-83.99001','9.8436',1),('3014A','ASADA COOPEROSALES',3014,'-83.92022','9.93595',1),('3022A','ASADA EL YAS',3022,'-83.828139','9.859153',1),('3022B','ASADA SANTIAGO',3022,'-83.797453','9.869133',1),('3023A','ASADA RIO MACHO',3023,'-83.84817','9.76631',1),('3023B','ASADA PALOMO',3023,'-83.82847','9.78732',1),('3024A','ASADA SAN JERONIMO',3024,'-83.794872','9.858049',1),('3034B','ASADA SAN VICENTE',3034,'-83.974013','9.898161',1),('30511A','ASADA ALTO VARAS',30511,'-83.66504148','9.942356371',1),('30511B','ASADA el Mora',30511,'-83.6748546','9.915391',1),('3052A','ASADA SANTA CRISTIANA',3052,'-83.605','9.827602',1),('3054A','ASADA SANTA CRUZ',3054,'-83.731512','9.96623',1),('3058A','ASADA JICOTEA',3058,'-83.527506','9.807323212',1),('3072A','ASADA COT',3072,'-83.873547','9.899022',1),('3073A','ASADA POTRERO CERRADO',3073,'-83.877933','9.91898',1),('3074A','ASADA PASO ANCHO Y BOQUERON',3074,'-83.8286473','9.887268',1),('3075A','ASADA SAN PABLO',3075,'-83.84019','9.918439',1),('3075B','ASADA SANTA ROSA',3075,'-83.840842','9.918049',1),('3082A','ASADA SAN ISIDRO',3082,'-83.956797','9.828908',1),('3082B','ASADA HIGUITO',3082,'-83.95969','9.82076',1),('3082C','ASADA CAÑON-MACHO GAFF-DAMITA',3082,'-83.915827','9.684527',1),('3082D','ASADA GUATUSO',3082,'-83.946995','9.818002',1),('5014A','ASOCIACION ADMINISTRADORA DEL ACUEDUCTO Y ALCANTARILLADO SANITARIO DE EL TRIUNFO',5014,'-85.6280328','10.70851857',1),('5014B','ASADA DE EL SALTO',5041,'-85.3868195','10.5685225',1),('5014C','ASOCIACION ADMINISTRADORA DEL ACUEDUCTO Y ALCANTARILLADO SANITARIO LLANO DEL CORTES',5041,'-85.29360501','10.51630491',1),('5014D','ASOCIACION ADMINISTRADORA DE ACUEDUCTO Y ALCANTARILLADO SANITARIO DE CASERIO DE MONTANO Y COFRADIA',5041,'-85.19021777','10.5259122',1),('5014E','ASOCIACION ADMINISTRADORA DE ACUEDUCTO Y ALCANTARILLADO SANITARIO PIJIJE',5041,'-85.3519862','10.54404381',1),('5014F','ASADA SANTA FE',5041,'-85.1500706','10.5780882',1),('5042A','ASOCIACION ADMINISTRADORA DEL ACUEDUCTO Y ALCANTARILLADO SANITARIO DE CUIPILAPA DE FORTUNA DE BAGACES',5042,'-85.15948772','10.6700363',1),('5042B','ACUEDUCTO JOHN F GUERRE LA FORTUNA DE BAGACES',5042,'-85.1989918','10.674392',1),('5042C','ASADA RIO CHIQUITO',5042,'-85.1005703','10.66946',1),('5042D','ASADA SAN BERNARDO',5042,'-85.1992711','10.6363433',1),('5043A','ASOCIACION DE ACUEDCTO DE GUAYABO DE BAGACES',5043,'-85.2243708','10.7064194',1),('5043B','ASOCIACIÓN ADMINISTRADORA DE SISTEMA DE ACUEDUCTO Y ALCANTARILLADO COMUNAL LIMONAL BAGACES',5043,'-85.26336944','10.69561248',1),('5043C','ASADA RINCON DE LA CRUZ',5043,'-85.2192628','10.76033271',1),('5043D','ASADA SAN PEDRO Y EL TORNO',5043,'-85.23613405','10.66548412',1),('5043E','COMITÉ DE ACUEDUCTO RURAL DE SAN ISIDRO DE MOGOTE',5043,'-85.26308972','10.66392131',1),('5043F','ASOCIACION ADMINISTRADORA DEL ACUEDUCTO Y ALCANTARILLADO SANITARIO DE SAN RAMON DE BAGACES',5043,'-85.35948275','10.44691004',1),('5044A','ASADA RIO NARANJO',5044,'-85.08956163','10.68093529',1),('5061A','ASOCIACION ADMINISTRADORA DE ACUERDUCTO Y ALCANTARILLADO SANITARIO DE BARRIO JESUS DE ABANGARES',5061,'-85.0448179','10.31509359',1),('5061B','ASOCIACION DE ACUEDUCTOS DE SOLANIA BAJO DE TILARAN Y SAN JUAN DE CAÑAS GUANACASTE',5061,'-85.03994988','10.38134308',1),('5065A','ASADA SANTA LUCIA DE POROZAL',5065,'-85.18724511','10.23076268',1),('5071A','ASADA LA PALMA',5071,'-85.05567808','10.25405589',1),('5071B','ASOCIACION ADMINISTRADORA DEL ACUEDUCTO Y ALCANTARILLADO SANITARIO DE LIMONAL DE ABANGARES',5071,'-85.01297498','10.25638584',1),('5071C','ASOCIACION ADMINISTRADORA DEL ACUEDUCTOY ALCANTARILLADO SANITARIO DE MATAPALO',5071,'-85.0100419','10.24644113',1),('5071D','ASADA PIEDRA VERDE',5071,'-85.0359391','10.25975598',1),('5071E','ASADA SANTA LUCÍA',5071,'-84.97965184','10.29351344',1),('5072A','ASOCIACION ADMINISTRADORA DEL ACUEDUCTO Y ALCANTARILLADO SANITARIO DE TRES AMIGOS DE LA SIERRA DE ABANGARES',5072,'-84.92847123','10.30108947',1),('5072B','ASADA CAMPOS DE ORO CANDELARIA',5072,'-84.91154434','10.35177846',1),('5072C','ASOCIACION ADMINISTRADORA DEL ACUEDUCTO Y ALCANTARILLADO SANITARIO DE LA CRUZ DE LA SIERRA DE ABANGARES',5072,'-84.83903957','10.33824263',1),('5072D','ASOCIACION ADMINISTRADORA DE ACUEDUCTO Y ALCANTARILLADO SANITARIO DE MARSELLESA DE ABANGARES',5072,'-84.9239812','10.32415102',1),('5072E','ASOCIACION ADMINISTRADORA DEL ACUEDUCTO Y ALCANTARILLADO SANITARIO DE LA SIERRA DE ABANGARES',5072,'-84.92906297','10.2854548',1),('5072F','ASADA DE SAN RAFAEL DE ABANGARES',5072,'-84.87685963','10.34387288',1),('5072G','ASADA SAN BOSCO LOS OLIVOS',5072,'-84.82812471','10.33995253',1),('5072H','ASOCIACION ADMINISTRADORA DEL ACUEDUCTO RURAL DE CEBADILLA DE ABANGARES',5072,'-84.85620474','10.32797335',1),('5072I','ASOCIACION ADMINISTRADORA DEL ACUEDUCTO Y ALCANTARILLADO SANITARIO DE LOS TORNOS DE ABANGARES',5072,'-84.85474492','10.34418119',1),('5072J','ASOCIACION ADMINISTRADORA DEL ACUEDUCTO RURAL DEL BARRIO ABARCA DE LA CRUZ DISTRITO LA SIERRA DE ABANGARES',5072,'-84.8369448','10.33379885',1),('5073A','ASOCIACION ADMINISTRADORA DEL ACUEDUCTO Y ALCANTARILLADO SANITARIO GUATILAR DEL CANTON ABANGARES PROVINCIA GUANACASTE',5073,'-84.93830801','10.18377081',1),('5073B','ASOCIACION ADMINISTRADORA DE ACUEDUCTO RURAL DE POZO AZUL DE ABANGARES',5073,'-84.9048279','10.18533154',1),('5073C','ASADA SAN JUAN QUEBRADA GRANDE',5073,'-84.9468272','10.26299503',1),('5073D','ASOCIACION ADMINISTRADORA DEL ACUEDUCTO Y ALCANTARILLADO SANITARIO DE CONCEPCION DE LAS JUNTAS DE ABANGARES',5073,'-85.00105058','10.30122552',1),('5074A','ASADA DE CONCEPCIÓN DE COLORADO',5074,'-85.13600374','10.24051483',1),('5074B','ASOCIACION ADMINISTRATIVA DEL ACUEDUCTO Y ALCANTARILLADO SANITARIO DE MONTE POTRERO DE COLORADO DE ABANGARES',5074,'-85.11156758','10.22648724',1),('5074C','ASOCIACION ADMINISTRADORA DEL ACUEDUCTO Y ALCANTARILLADO SANITARIO DE SAN JOAQUIN DE COLORADO DE ABANGARES',5074,'-85.09915956','10.26482435',1),('5074D','ASADA PEÑAS BLANCAS DE COLORADO',5074,'-85.16968393','10.19094063',1),('5074E','ASOCIACION ADMINISTRADORA DEL ACUEDUCTO Y ALCANTARILLADO SANITARIO ENCELOMAVI',5074,'-85.15405993','10.1880079',1),('5081A','ASADA PARCELAS DE MONSEÑOR',5081,'-84.94129434','10.45685138',1),('5081B','ASADA EL SILENCIO DE TILARAN',5081,'-84.90690876','10.47790707',1),('5081C','ASADA DE SAN LUIS',5081,'-84.94708662','10.49713062',1),('5082A','ASOCIACION ADMINISTRADORA DEL ACUEDUCTO Y ALCANTARILLADO SANITARIO DE CABECERAS',5082,'-84.87388026','10.35749551',1),('5082B','ASOCIACION DE ACUEDUCTOS Y ALCANTARILLADOS DE LA COMUNIDAD DE LA FLORIDA DE QUEBRADA GRANDE DE TILARAN',5082,'-84.90327288','10.39965572',1),('5082C','ASADA QUEBRADA GRANDE',5082,'-84.94446404','10.43103792',1),('5082D','ASOCIACION DE VECINOS PARA LA ORGANIZACIÓN',5082,'-84.92841521','10.40919966',1),('5082E','ASOCIACION ADMINISTRADORA DE ACUADUCTO Y ALCANTARILLADO SANITARIO VACINOS DE LAS NUBES DE TILARAN',5082,'-84.85188046','10.3612582',1),('5082F','ADMINISTRADORA DE SISTEMA DEL ACUEDUCTO Y ALCANTARILLADO SANITARIO DE TURIN DE TILARAN',5082,'-84.8667091','10.34840514',1),('5082G','ASADA SECTOR ESTE DE SAN RAMON',5082,'-84.897294','10.37854878',1),('5083A','ASOCIACIÓN ADMINISTRADORA DEL ACUEDUCTO Y ALCANTARILLADO TRONADORA',5083,'-84.92197162','10.49970996',1),('5083B','ASOCIACION ADMINISTRADORA DE ACUEDUCTO Y ALCANTARILLADO SANITARIO DE LA ESPERANZA DE TILARAN',5083,'-84.88039732','10.37508098',1),('5083C','ASADA VIEJO ARENAL',5083,'-84.84757034','10.46293951',1),('5085A','ASADA EL DOS DE TILARAN',5085,'-84.90292497','10.38102504',1),('5085B','ASOCIACION ADMINISTRADORA DE ACUEDUCTO Y ALCANTARILLADO SANITARIO DE CERRO SAN JOSE',5085,'-84.9679632','10.38793667',1),('5085C','ASADA MARAVILLA',5085,'-84.99183552','10.39317798',1),('5085D','ASADA SOLANIA',5085,'-84.99040534','10.37333443',1),('5086A','ASADA AGUACATE',5086,'-84.93947221','10.56216689',1),('5086B','ASADA RIO PIEDRAS',5086,'-84.96918517','10.5610373',1),('5086C','ASOCIACION ADMINISTRADORA DE ACUADUCTO RURAL DE SABALITO DE TIERRAS MORERNAS DE TILARAN',5086,'-84.99823446','10.56045198',1),('5087A','ASOCIACION ADMINISTRADORA DE ACUEDUCTO Y ALCANTARILLADO SANITARIO DE NUEVO ARENAL',5087,'-84.89734458','10.54473352',1),('60116A','COMITÉ ADMINISTRADOR DE ACUEDUCTO RURAL DE SAN RAFAEL DE ARANCIBIA',60116,'-84.69838263','10.22955506',1),('60116B','ASOCIACION ADMINITRADORA DE ACUEDUCTO RURAL Y ALCANTARILLADO SANITARIO DE OJO DE AGUA DE ARANCIBIA',60116,'-84.71026321','10.2255201',1),('6041A','ASOCIACIÓN ADMINISTRADORA DEL ACUEDUCTO Y ALCANTARILLADO BAJO CALIENTE Y SAN MARTIN',6041,'-84.72195502','10.20377315',1),('6041B','ASOCIACION DE ACUEDUCTO RURAL Y ALCANTARILLADO SANITARIO DE SANBUENAVENTURA',6041,'-84.72674337','10.17112534',1),('6041C','ASOCIACION ADMINISTRADORA DEL ACUEDUCTO Y ALCANTARILLADO SANITARIO DE CORAZON DE JESUS',6041,'-84.68804997','10.240415',1),('6041D','ASADA PALMITAL-VENTANAS',6041,'-84.69328904','10.18792868',1),('6041E','ASOCIACION ADMINISTRADORA DE ACUEDUCTOS Y ALCANTARILLADO SANITARIO RURAL DE CEDRAL Y SAN FRANCISCO',6041,'-84.67099317','10.21466517',1),('6042A','ASOCIACION ADMINISTRADORA DE ACUEDUCTO Y ALCANTARILLADO SANITARIO DE LAGUNA DE LA UNION DE MONTES DE ORO',6042,'-84.70156531','10.15737417',1);
/*!40000 ALTER TABLE `ASADA` ENABLE KEYS */;
UNLOCK TABLES;
/*!50003 SET @saved_cs_client      = @@character_set_client */ ;
/*!50003 SET @saved_cs_results     = @@character_set_results */ ;
/*!50003 SET @saved_col_connection = @@collation_connection */ ;
/*!50003 SET character_set_client  = utf8 */ ;
/*!50003 SET character_set_results = utf8 */ ;
/*!50003 SET collation_connection  = utf8_general_ci */ ;
/*!50003 SET @saved_sql_mode       = @@sql_mode */ ;
/*!50003 SET sql_mode              = 'STRICT_TRANS_TABLES,STRICT_ALL_TABLES,NO_ZERO_IN_DATE,NO_ZERO_DATE,ERROR_FOR_DIVISION_BY_ZERO,TRADITIONAL,NO_AUTO_CREATE_USER,NO_ENGINE_SUBSTITUTION' */ ;
DELIMITER ;;
/*!50003 CREATE*/ /*!50017 DEFINER=`root`@`%`*/ /*!50003 trigger ID_ASADAS
before insert on ASADA
for each row
begin
    select count(*) into @CANT from ASADA where DISTRITO_id = new.DISTRITO_id;
    select char(@CANT + 65) into @char;
    set new.ID := concat(new.DISTRITO_id, @char);
end */;;
DELIMITER ;
/*!50003 SET sql_mode              = @saved_sql_mode */ ;
/*!50003 SET character_set_client  = @saved_cs_client */ ;
/*!50003 SET character_set_results = @saved_cs_results */ ;
/*!50003 SET collation_connection  = @saved_col_connection */ ;

--
-- Table structure for table `ASADAINFO`
--

DROP TABLE IF EXISTS `ASADAINFO`;
/*!40101 SET @saved_cs_client     = @@character_set_client */;
/*!40101 SET character_set_client = utf8 */;
CREATE TABLE `ASADAINFO` (
  `ID` int(11) NOT NULL AUTO_INCREMENT,
  `ASADA_ID` varchar(20) NOT NULL,
  `Ubicacion` varchar(200) DEFAULT NULL,
  `Telefono` varchar(15) DEFAULT NULL,
  `Poblacion` varchar(6) DEFAULT NULL,
  `Url` varchar(200) DEFAULT NULL,
  `cantAbonados` varchar(6) DEFAULT NULL,
  `CELULAR` varchar(15) DEFAULT NULL,
  PRIMARY KEY (`ID`),
  KEY `INFO_ASADA_FK` (`ASADA_ID`),
  CONSTRAINT `INFO_ASADA_FK` FOREIGN KEY (`ASADA_ID`) REFERENCES `ASADA` (`ID`) ON DELETE CASCADE
) ENGINE=InnoDB AUTO_INCREMENT=143 DEFAULT CHARSET=utf8;
/*!40101 SET character_set_client = @saved_cs_client */;

--
-- Dumping data for table `ASADAINFO`
--

LOCK TABLES `ASADAINFO` WRITE;
/*!40000 ALTER TABLE `ASADAINFO` DISABLE KEYS */;
INSERT INTO `ASADAINFO` VALUES (1,'5014A','Ubicación','telefono','130','Url','37',NULL),(2,'5014B','Ubicación','26656883','1089','Url','311',NULL),(3,'5014C','Ubicación','telefono','487','Url','139',NULL),(4,'5014D','Ubicación','Telefono','1','Url','1',NULL),(5,'5014E','Ubicación','Telefono','1','Url','1',NULL),(6,'5014F','Ubicación','Telefono','1','Url','1',NULL),(7,'5042A','Ubicación','Telefono','1','Url','1',NULL),(8,'5042B','Ubicación','Telefono','1','Url','1',NULL),(9,'5042C','Ubicación','Telefono','1','Url','1',NULL),(10,'5042D','Ubicación','Telefono','1','Url','1',NULL),(11,'5043A','Ubicación','Telefono','1','Url','1',NULL),(12,'5043B','Ubicación','Telefono','1','Url','1',NULL),(13,'5043C','Ubicación','Telefono','1','Url','1',NULL),(14,'5043D','Ubicación','Telefono','1','Url','1',NULL),(15,'5043E','Ubicación','Telefono','1','Url','1',NULL),(16,'5043F','Ubicación','Telefono','1','Url','1',NULL),(17,'5044A','Ubicación','Telefono','1','Url','1',NULL),(18,'5061A','Ubicación','Telefono','1','Url','1',NULL),(19,'5061B','Ubicación','Telefono','1','Url','1',NULL),(20,'5065A','Ubicación','telefono','315','Url','90',NULL),(21,'5071A','Ubicación','26628360','900','Url','257',NULL),(22,'5071B','Ubicación','telefono','718','Url','205',NULL),(23,'5071C','Ubicación','telefono','882','Url','252',NULL),(24,'5071D','Ubicación','telefono','476','Url','136',NULL),(25,'5071E','Ubicación','26620369','221','Url','63',NULL),(26,'5072A','Ubicación','26458530','326','Url','93',NULL),(27,'5072B','Ubicación','telefono','389','Url','111',NULL),(28,'5072C','Ubicación','26455602','312','Url','89',NULL),(29,'5072D','Ubicación','26458038','84','Url','24',NULL),(30,'5072E','Ubicación','26620694','140','Url','40',NULL),(31,'5072F','Ubicación','26456743','760','Url','217',NULL),(32,'5072G','Ubicación','26456415','329','Url','94',NULL),(33,'5072H','Ubicación','26455880','245','Url','70',NULL),(34,'5072I','Ubicación','26456034','280','Url','80',NULL),(35,'5072J','Ubicación','26457658','56','Url','16',NULL),(36,'5073A','Ubicación','26381172','690','Url','197',NULL),(37,'5073B','Ubicación','26381303','606','Url','173',NULL),(38,'5073C','Ubicación','26620225','910','Url','260',NULL),(39,'5073D','Ubicación','26620082','182','Url','52',NULL),(40,'5074A','Ubicación','telefono','315','Url','90',NULL),(41,'5074B','Ubicación','Telefono','1','Url','1',NULL),(42,'5074C','Ubicación','26628162','462','Url','132',NULL),(43,'5074D','Ubicación','26780061','305','Url','87',NULL),(44,'5074E','Ubicación','telefono','1089','Url','311',NULL),(45,'5081A','Ubicación','26921270','1173','Url','335',NULL),(46,'5081B','Ubicación','26931262','158','Url','45',NULL),(47,'5081C','Ubicación','26953297','693','Url','198',NULL),(48,'5082A','Ubicación','26938308','949','Url','271',NULL),(49,'5082B','Ubicación','26938026','308','Url','88',NULL),(50,'5082C','Ubicación','26958664','1036','Url','296',NULL),(51,'5082D','Ubicación','Telefono','1','Url','1',NULL),(52,'5082E','Ubicación','26455750','140','Url','40',NULL),(53,'5082F','Ubicación','Telefono','1','Url','1',NULL),(54,'5082G','Ubicación','26938004','182','Url','52',NULL),(55,'5083A','Ubicación','26931307','2100','Url','600',NULL),(56,'5083B','Ubicación','Telefono','1','Url','1',NULL),(57,'5083C','Ubicación','26958481','119','Url','34',NULL),(58,'5085A','Ubicación','26938060','252','Url','72',NULL),(59,'5085B','Ubicación','26954178','35','Url','10',NULL),(60,'5085C','Ubicación','26618196','91','Url','26',NULL),(61,'5085D','Ubicación','26618135','294','Url','84',NULL),(62,'5086A','Ubicación','26944141','826','Url','236',NULL),(63,'5086B','Ubicación','26921317','455','Url','130',NULL),(64,'5086C','Ubicación','26921087','273','Url','78',NULL),(65,'5087A','Ubicación','26944354','3812','Url','1089',NULL),(66,'6041A','Ubicación','Telefono','1','Url','1',NULL),(67,'6041B','Ubicación','26398928','298','Url','85',NULL),(68,'6041C','Ubicación','Telefono','1','Url','1',NULL),(69,'6041D','Ubicación','26478179','158','Url','45',NULL),(70,'6041E','Ubicación','26478027','609','Url','174',NULL),(71,'6042A','Ubicación','26398732','343','Url','98',NULL),(72,'20212A','Ubicación','Telefono','1','Url','1',NULL),(73,'60116A','Ubicación','telefono','98','Url','28',NULL),(74,'60116B','Ubicación','telefono','200','Url','57',NULL),(75,'3075A','Costado norte Iglesia Catolica','83133554','1800','no','410',NULL),(76,'3034B','Frente terminal buses ','no tiene','700','no','230',NULL),(77,'30111A','Costado norte plaza deportes','80808080','4380','no','1000',NULL),(78,'3082A','300 metros oeste de la plaza','25735103','2500','no','567',NULL),(79,'3058A','Casa familia del administrador','no tiene','375','no','85',NULL),(80,'3052A','Casa familia del administrador','84956365','154','no','35',NULL),(81,'3054A','Frente Escuela Publica MEP','84282604','4000','no','906',NULL),(82,'3022A','Contiguo Plaza deportes','no tiene','1870','no','425',NULL),(83,'3023A','Camino Tapante','no tiene','3225','no','773',NULL),(84,'30511A','Casa Administrador','88122743','1420','no','323',NULL),(85,'3082B','Contiguo Tanque de AyA','25734301','2847','no','647',NULL),(86,'3082C','Interamericana Sur 100 Este','no tiene','1690','no','384',NULL),(87,'3082D','100 metros norte de la Estacion Electrica de Jasec','83429510','1012','no','230',NULL),(88,'3074A','Frente calle a Cipreses','25366132','2500','no','580',NULL),(89,'3072A','300 Norte plaza','25366081','12000','no','2025',NULL),(90,'3073A','Centro','25302033','2280','no','438',NULL),(91,'3014A','100 m sur de tanques ASADA','25372844','678','no','154',NULL),(92,'3075B','Centro','25252525','3700','no','850',NULL),(93,'3022B','Contiguo Plaza deportes','no tiene','3225','no','733',NULL),(94,'3024A','Camino Principal Tucurrique','25771372','620','no','141',NULL),(95,'3023B','Urbanizacion INVU','83272815','2068','no','470',NULL),(96,'2033A','Santa Gertrudis Centro, Diagonal a la ferretería tipsa','24941675','3200','no','875','5'),(136,'1151A','Nueva ubicación','12345678','32','no','112','121345678'),(137,'2033B','1 km de la ASADA Santa Gertrudis Centro','88575609','1710','no','380',NULL),(141,'30511B','no','25574780','2400','no','570',NULL);
/*!40000 ALTER TABLE `ASADAINFO` ENABLE KEYS */;
UNLOCK TABLES;

--
-- Table structure for table `ASOCIACION`
--

DROP TABLE IF EXISTS `ASOCIACION`;
/*!40101 SET @saved_cs_client     = @@character_set_client */;
/*!40101 SET character_set_client = utf8 */;
CREATE TABLE `ASOCIACION` (
  `ID` int(11) NOT NULL AUTO_INCREMENT,
  `Nombre` varchar(150) NOT NULL,
  `CantidadMiembros` int(11) NOT NULL,
  PRIMARY KEY (`ID`)
) ENGINE=InnoDB AUTO_INCREMENT=34 DEFAULT CHARSET=utf8;
/*!40101 SET character_set_client = @saved_cs_client */;

--
-- Dumping data for table `ASOCIACION`
--

LOCK TABLES `ASOCIACION` WRITE;
/*!40000 ALTER TABLE `ASOCIACION` DISABLE KEYS */;
INSERT INTO `ASOCIACION` VALUES (14,'Asociación Santa Rosalías',9),(15,'Asociación San Benito',4),(17,'Asociación Prueba',2),(19,'Excelente',1),(21,'Asociación Chromatica06/02/2020, 10:02:52',1),(24,'Asociación Chromatica06/02/2020, 10:33:00',1),(28,'Asociación Santa Stefani',2);
/*!40000 ALTER TABLE `ASOCIACION` ENABLE KEYS */;
UNLOCK TABLES;

--
-- Table structure for table `ASOCIACIONXASADA`
--

DROP TABLE IF EXISTS `ASOCIACIONXASADA`;
/*!40101 SET @saved_cs_client     = @@character_set_client */;
/*!40101 SET character_set_client = utf8 */;
CREATE TABLE `ASOCIACIONXASADA` (
  `ASOCIACION_ID` int(11) NOT NULL,
  `ASADA_ID` varchar(20) NOT NULL,
  PRIMARY KEY (`ASOCIACION_ID`,`ASADA_ID`),
  KEY `ASOCIACIONXASADA_ASADA_FK` (`ASADA_ID`),
  CONSTRAINT `ASOCIACIONXASADA_ASADA_FK` FOREIGN KEY (`ASADA_ID`) REFERENCES `ASADA` (`ID`) ON DELETE CASCADE,
  CONSTRAINT `ASOCIACIONXASADA_ASOCIACION_FK` FOREIGN KEY (`ASOCIACION_ID`) REFERENCES `ASOCIACION` (`ID`) ON DELETE CASCADE
) ENGINE=InnoDB DEFAULT CHARSET=utf8;
/*!40101 SET character_set_client = @saved_cs_client */;

--
-- Dumping data for table `ASOCIACIONXASADA`
--

LOCK TABLES `ASOCIACIONXASADA` WRITE;
/*!40000 ALTER TABLE `ASOCIACIONXASADA` DISABLE KEYS */;
INSERT INTO `ASOCIACIONXASADA` VALUES (24,'1151A'),(28,'20212A'),(28,'2033B'),(15,'3014A'),(15,'3022A'),(15,'3022B'),(15,'3023A'),(17,'3023B'),(17,'3024A'),(19,'3034B'),(21,'3072A'),(14,'3073A'),(14,'3074A'),(14,'3075A'),(14,'3075B'),(14,'3082A'),(14,'3082B'),(14,'3082C'),(14,'3082D'),(14,'5014A');
/*!40000 ALTER TABLE `ASOCIACIONXASADA` ENABLE KEYS */;
UNLOCK TABLES;

--
-- Table structure for table `AYUDAFORMULARIO`
--

DROP TABLE IF EXISTS `AYUDAFORMULARIO`;
/*!40101 SET @saved_cs_client     = @@character_set_client */;
/*!40101 SET character_set_client = utf8 */;
CREATE TABLE `AYUDAFORMULARIO` (
  `ID` int(11) NOT NULL AUTO_INCREMENT,
  `INDICADOR_ID` int(11) NOT NULL,
  `AYUDA` varchar(1000) DEFAULT NULL,
  `URL` varchar(600) DEFAULT NULL,
  PRIMARY KEY (`ID`),
  KEY `AYUDAFORMULARIO_INDICADOR_ID_FK` (`INDICADOR_ID`),
  CONSTRAINT `AYUDAFORMULARIO_INDICADOR_ID_FK` FOREIGN KEY (`INDICADOR_ID`) REFERENCES `INDICADOR` (`ID`) ON DELETE CASCADE
) ENGINE=InnoDB AUTO_INCREMENT=32 DEFAULT CHARSET=utf8;
/*!40101 SET character_set_client = @saved_cs_client */;

--
-- Dumping data for table `AYUDAFORMULARIO`
--

LOCK TABLES `AYUDAFORMULARIO` WRITE;
/*!40000 ALTER TABLE `AYUDAFORMULARIO` DISABLE KEYS */;
INSERT INTO `AYUDAFORMULARIO` VALUES (1,1,'Sistema de tratamiento se refiere a tanque séptico en el hogar','https://tecnube1.sharepoint.com/sites/IRSSAS/Documentos%20compartidos/General/Captura%20de%20Pantalla%202020-03-30%20a%20la(s)%2015.33.19.png'),(2,2,'Aguas grises son las que provienen de las actividades de aseo, preparación de alimentos en los hogares y otras actividades.',''),(3,3,'Alcantarillado pluvial es sistema de tubería que recoge las aguas lluvias en la comunidad y las canaliza hasta los ríos.','https://tecnube1.sharepoint.com/sites/IRSSAS/Documentos%20compartidos/General/Captura%20de%20Pantalla%202020-03-30%20a%20la(s)%2015.37.23.png'),(4,4,'Planta que reúne todas las aguas residuales de la comunidad para ser tratadas, con el fin de disminuir la contaminación en los ríos.',''),(5,5,'Es la cantidad de efectivo que tiene la ASADA, para realizar mejoras en el acueducto, no considerar en esta respuesta, los gastos de operación rutinarios.',''),(6,6,'Consultar en la Municipalidad de su Cantón cuál es el porcentaje de recolección de residuos sólidos (lo que recoge el camión de basura), en su comunidad.',''),(7,7,'Consultar en su Municipalidad de su Cantón si se tiene recolección de residuos sólidos conocidos como reciclables (papel, vidrio, metales, plásticos, etc.)',''),(8,8,'Consultar en su Municipalidad de su Cantón, cuál es la cantidad de residuos sólidos que se genera en su comunidad, expresado en unidades de kilogramos de residuos por día por persona (kg/persona/día)',''),(9,9,'Consultar en la Municipalidad de su Cantón la cantidad de dinero que destina anualmente para el manejo de los residuos sólidos, note que debe estar en unidades de dólar al precio de la fecha en que se completa el cuestionario, este valor se divide entre la cantidad de personas del cantón.  ',''),(10,10,'Consultar en la Municipalidad de su Cantón, la cantidad de dinero que se destina para la limpieza de vías y áreas comunes anualmente note que debe estar en unidades de dólar y al precio de la fecha en que se completa el cuestionario, este valor se divide entre la cantidad de personas del cantón.',''),(11,11,'Área protegida o zona de conservación son aquellas que son propiedad del estado o privadas, en las mismas no es posible realizar ningún tipo de actividad humana, excepto aquellas que cuenten con el permiso respectivo del MINAE.',''),(12,12,'La zona de protección de las captaciones posee una barrera física para evitar el ingreso de personas y animales. ',''),(13,13,'Posee información de la oferta y demanda de agua en su acueducto en los últimos cinco años. ','https://www.aya.go.cr/ASADAS/documentacionAsadas/Manual%20Calculadora%20Balance%20Hidrico.pdf'),(14,14,'Para obtener este dato realice el siguiente cálculo: número de total de metros cúbicos consumidos por la comunidad en un mes, los multiplica por un factor de 1000, divide este número entre el número de abonados. Luego este resultado lo divide entre 30 (es el número de días de un mes) y este resultado lo divide entre el número de habitantes promedio que hay en cada vivienda y obtiene el valor de los litros por persona día\nEcuación\nLitros/persona/día: (m3 x 1000) / [(número de abonados x número promedio personas vivienda de acuerdo con el distrito) / 30]',''),(15,15,'La ASADA cuenta con plan de atención integral de riesgo, en caso de necesitar ayuda, busque la información en el siguiente link:  GIRA','https://reliefweb.int/report/costa-rica/herramienta-gesti-n-integral-de-riesgo-en-asadas'),(16,16,'Si necesita más información, buscar en el siguiente link: Cambio climático','http://www.pgrweb.go.cr/DocsDescargar/Normas/No%20DE-41091/Version1/Politica_ADAPTACION_24_abril.pdf'),(17,17,'La ASADA realiza mediciones de los caudales de las fuentes de agua que posee con regularidad.',''),(18,18,'La ASADA realiza el reporte operativo de su acueducto usando lo establecido por el MinSalud','https://aresep.go.cr/images/documentos/AGUA/4.Normativas/ALCA69_01_09_2015.pdf'),(19,19,'Se realiza cloración al agua antes de distribuirse a los consumidores',''),(20,20,'Es una infraestructura que purifica el agua, Manual AyA','https://www.aya.go.cr/Noticias/Documents/Norma%20diseño%20y%20construccion%20sistemas%20agua,%20saneamiento%20y%20pluvial.pdf'),(21,21,'Se refiere al sello que brinda AyA','https://www.aya.go.cr/laboratorio/selloCalidad/Paginas/default.aspx'),(22,22,'Morosidad','https://www.aya.go.cr/ASADAS/Documents/Manual%20de%20Ponderación.pdf'),(23,23,'Es el agua que desperdicia ya sea por derrames en los tanques o por fisuras, rupturas de cañerías, etc.  Manual de ASADAS','https://www.aya.go.cr/ASADAS/documentacionAsadas/Aspectos%20Básicos%20de%20las%20ASADAS.pdf'),(24,24,'Buscar en el Indice de desarrollo social  para su distrito el valor correspondiente, debe indicarse en porcentaje.  ',''),(25,25,'Bandera Azul ecológica','https://sdiconsultorias.com/servicios/bandera-azul-ecologica/?utm_term=bandera%20azul%20ecológica&utm_campaign=Bandera+Azul&utm_source=adwords&utm_medium=ppc&hsa_acc=8743095339&hsa_cam=8723709596&hsa_grp=88778277355&hsa_ad=417813212372&hsa_src=g&hsa_tgt=kwd-835691838652&hsa_kw=bandera%20azul%20ecológica&hsa_mt=e&hsa_net=adwords&hsa_ver=3&gclid=Cj0KCQjwsYb0BRCOARIsAHbLPhEvL0xUFqaD0TKWEHAsIMp4ySajsd9_slxP8cSD8jHFOiQ1-mA21dQaArS7EALw_wcB'),(26,26,'Los programas incluyen charlas, conferencias o capacitaciones en el tema de Educación Ambiental y que se dan a la comunidad.  Se excluyen las capacitaciones a los funcionarios de la ASADA',''),(27,27,'En la página del CNE se encuentra información de los riesgos geológicos asociados a cada territorio','https://www.cne.go.cr/reduccion_riesgo/mapas_amenzas/index.aspx'),(28,28,'En la página del CNE se encuentra información de los riesgos geológicos asociados a cada territorio\n','https://www.cne.go.cr/reduccion_riesgo/mapas_amenzas/index.aspx'),(29,29,'En la página del CNE se encuentra información de los riesgos geológicos asociados a cada territorio\n','https://www.cne.go.cr/reduccion_riesgo/mapas_amenzas/index.aspx'),(30,30,'En la página del CNE se encuentra información de los riesgos geológicos asociados a cada territorio\n','https://www.cne.go.cr/reduccion_riesgo/mapas_amenzas/index.aspx');
/*!40000 ALTER TABLE `AYUDAFORMULARIO` ENABLE KEYS */;
UNLOCK TABLES;

--
-- Table structure for table `AYUDARIESGO`
--

DROP TABLE IF EXISTS `AYUDARIESGO`;
/*!40101 SET @saved_cs_client     = @@character_set_client */;
/*!40101 SET character_set_client = utf8 */;
CREATE TABLE `AYUDARIESGO` (
  `ID` int(11) NOT NULL AUTO_INCREMENT,
  `ID_RIESGO` int(11) NOT NULL,
  `AYUDA` varchar(500) DEFAULT NULL,
  PRIMARY KEY (`ID`)
) ENGINE=InnoDB AUTO_INCREMENT=6 DEFAULT CHARSET=utf8;
/*!40101 SET character_set_client = @saved_cs_client */;

--
-- Dumping data for table `AYUDARIESGO`
--

LOCK TABLES `AYUDARIESGO` WRITE;
/*!40000 ALTER TABLE `AYUDARIESGO` DISABLE KEYS */;
INSERT INTO `AYUDARIESGO` VALUES (1,1,'Un riesgo muy alto indica que el índice es mayor que 77%'),(2,2,'Un riesgo alto indica que el índice está entre 67% y 77%'),(3,3,'Un riesgo intermedio indica que el índice está entre 57% y 67%'),(4,4,'Un riesgo bajo indica que el índice está entre 47% y 57%'),(5,5,'Un riesgo muy bajo indica que el índice está entre 0% y 47%');
/*!40000 ALTER TABLE `AYUDARIESGO` ENABLE KEYS */;
UNLOCK TABLES;

--
-- Table structure for table `AYUDAXINDICADOR`
--

DROP TABLE IF EXISTS `AYUDAXINDICADOR`;
/*!40101 SET @saved_cs_client     = @@character_set_client */;
/*!40101 SET character_set_client = utf8 */;
CREATE TABLE `AYUDAXINDICADOR` (
  `ID_INDICADOR` int(11) NOT NULL,
  `SUBCOMPONENTE` int(11) NOT NULL,
  `ID_TEXTO_MEJORA` int(11) NOT NULL,
  `LIMITE_INFERIOR` double(10,7) NOT NULL,
  `LIMITE_SUPERIOR` double(10,7) NOT NULL,
  `TEXTO_MEJORA` text NOT NULL,
  PRIMARY KEY (`ID_INDICADOR`,`ID_TEXTO_MEJORA`)
) ENGINE=InnoDB DEFAULT CHARSET=utf8;
/*!40101 SET character_set_client = @saved_cs_client */;

--
-- Dumping data for table `AYUDAXINDICADOR`
--

LOCK TABLES `AYUDAXINDICADOR` WRITE;
/*!40000 ALTER TABLE `AYUDAXINDICADOR` DISABLE KEYS */;
INSERT INTO `AYUDAXINDICADOR` VALUES (1,1,0,0.0000000,0.0000000,'Indicar al dueño de la propiedad que debe instalar un sistema de tratamiento de aguas negras.\nEn caso de que el dueño no responda en un periodo de tres meses, trasladar el caso al Ministerio de Salud y Municipalidad.'),(1,1,1,1.0000000,1.0000000,'Mantener un plan de vigilancia para identificar la descarga de residuales en los caños o canales de conducción de agua lluvia ni ríos o quebradas.'),(2,1,0,0.0000000,0.0000000,'Mantener vigilancia permanente de las aguas grises, para el control de descarga de aguas grises en los caños de recolección y transporte de aguas lluvias. '),(2,1,1,1.0000000,1.0000000,'Elaborar e implementar un programa de educación ambiental con el fin de sensibilizar a la comunidad en el tema del uso racional del agua, de forma tal que se reduzca la producción de aguas grises (ducha, lavamanos, lavado de ropa y platos, limpieza de la vivienda, etc).  \nEn el lavado de utensilios de cocina se debe evitar la descarga de alimentos por el fregadero y así controlar la presencia de roedores y olores. \nEn coordinación la Municipalidad se deben iniciar acciones para la construcción de un alcantarillado sanitario con planta de tratamiento de aguas residuales domésticas.  \nEn zonas rurales incentivar el uso de tratamientos individuales de aguas grises, como por ejemplo biojardineras.'),(3,1,0,0.0000000,0.0000000,'Realizar las gestiones ante la Municipalidad respectiva para la construcción de un sistema de alcantarillado pluvial, separándolo del sistema de alcantarillado sanitario, de forma que su funcionamiento sea independiente.  '),(3,1,1,1.0000000,1.0000000,'Vigilar junto con la Municipalidad, la operación y mantenimiento los sistemas de recolección y descarga de las aguas pluviales .'),(4,1,0,0.0000000,0.0000000,' Iniciar acciones en coordinación con la Municipalidad respectiva, para implementar un sistema de alcantarilllado sanitario con planta de tratamiento de aguas residuales'),(4,1,1,1.0000000,1.0000000,' Vigilar junto con el responsable directo de la operación y mantenimiento de la planta de tratamiento de aguas residuales, que la misma, tenga un adecuado funcionamiento de acuerdo con la normativa nacional.'),(5,1,0,0.0000000,75.0000000,'Si el porcentaje de liquidez es menor al 75 %:\n1)	se debe realizar una revisión de tarifas del sistema de acueducto, para aumentar la liquidez de su ASADA, solictar asesoria al AyA.\n2)	Buscar alianza con otras ASADAs cercanas, para relizar actividades en conjunto que disminuyan gastos. Por ejemplo compartir la Secretaria, Fontanero, compras de materiales e insumos. _x000D_\n3)	Realizar gestiones para accesar recursos no reembolsables de cooperación internacional y nacional. Recomendaciones para la condición.\n4)	Buscar asesorías contables y administrativas para mejorar la liquidez de su ASADA.\n5)	Continuar vigilante de sus sistema administrativo y contable, para que se mantenga su liquidez igual al 100%, mostrando una sostenibilidad para el funcionamiento de su acueducto.'),(6,2,0,0.0000000,90.0000000,' Si tiene menos del 90% en recolección de residuos sólidos no valorizables, enviar recordatorio a la  Municipalidad de su Cantón de acuerdo a la ley GIR con copia al Ministerio de Salud. Con el objetivo de alcanzar el 100 % de cobertura buscar alianzas para fortalecer la educación ambiental.                                                      '),(7,2,0,0.0000000,0.0000000,'Iniciar gestiones con la Municipalidad, para que se implemente la recolección de residuos sólidos valorizables en su comunidad.\n Mantener campañas de educación ambiental a su comunidad en el tema de la gestión integral de residuos sólidos valorizables.'),(7,2,1,1.0000000,1.0000000,'Mantener una comunicación eficaz con la Municpalidad respectiva de forma tal, que el sistema de recolección de residuos sólidos valorizables se mantenga.  '),(8,2,0,0.8000000,6.0000000,'Si el indice de residuos sólidos per capita es superior al 0,8 Kg-persona-dia se debe solicitar a la Municipalidad que identifique el ingreso de materiales provenientes de empresas, comercios, agroindustria e instituciones que están mezclandose con los RS Municipales ordinarios. \nTambién que se implemente planes de educación ambiental para  aumentar la recuperación de materiales valorizables que están mezclándose con los residuos sólidos.  \nLa ASADA en coordinanción con la Municipalidad, podría apoyar en campañas de educación ambiental en su comunidad.'),(9,2,0,0.0000000,100.0000000,'Si la inversión anual en Gestión Integral de Residuos Sólidos (GIRS) por persona por año en el cantón es inferior a 100 US $  con el objetivo de evitar contaminación del suelo es necesario que la Municipalidad aumente los montos, por lo cual se recomienda a la ASADA enviar a la municipalidad una nota solicitándole revise los montos asignados en la Gestión Integral de los Residuos. '),(10,2,0,0.0000000,3.0000000,'Si la inversión en la limpieza de vias y áreas comunes por persona en cada cantón annual es inferior a  3 US$ con el objetivo de evitar la degradación de vias y zonas comunes necesario que la Municipalidad aumente los montos, por lo cual se recomienda enviarle una nota solicitándole revise los montos asignados en GIR'),(11,3,0,0.0000000,0.0000000,'Las o la captación del agua de la ASADA no está en zona protegida por el Estado, por lo que es importante que se proteja de forma que se pueda conservar el agua para las futuras generaciones. (reforestación, compra de terrero etc) '),(11,3,1,1.0000000,1.0000000,'La ASADA debe vigilar el mantenimiento rutinario  de la captación por parte Estado. '),(12,3,0,0.0000000,0.0000000,'Es muy importante que se las zonas de protección de las fuentes de agua esté legalmente demarcadas para evitar daños a las mismas'),(12,3,1,1.0000000,1.0000000,'Vigilar que la demarcación de la zona protegida de las fuentes de agua se les dé mantenimiento rutinario .'),(13,3,0,0.0000000,0.0000000,'Vigilar que la demarcación de la zona protegida de las fuentes de agua se les dé mantenimiento rutinario .'),(13,3,1,1.0000000,1.0000000,'Dar seguimiento al estudio del balance hidrico. \nCapacitar a la comunidad en el un uso sostenible del agua. \nCoordinar con ONGs, Ministerio de Educación Pública, Universidades y empresa privada para capacitar los grupos meta.'),(14,3,0,250.0000000,999.9999999,'Realizar campañas de educación ambiental dirigidas a la comunidad con el objetivo de reducir del consumo de agua por persona. \nEn agroindustrias o pequeñas industrias con procesos industriales húmedos, aplicar metodologías de producción más limpia.\nContar con un registro mensual promedio para garantizar el consumo sostenible del agua.'),(15,3,0,0.0000000,0.0000000,'Debe elaborar un plan de atención integral de riesgos, puede solicitar asesoría a AyA, Universidades públicas , ONGs.\nEjecutar el plan de atención de riesgo y darle seguimiento.\nSocializar el plan en sus redes sociales y en la comunidad.'),(15,3,1,1.0000000,1.0000000,'Actualizar el Plan de atención integral de riesgos al menos cada dos años'),(16,3,0,0.0000000,0.0000000,' Se debe elaborar un programa para la adaptación al cambio climático, puede solicitar asesoría a AyA, Universidades públicas, ONGs'),(16,3,1,1.0000000,1.0000000,'Actualizar el programas para adaptación al cambio climático cada año.'),(17,3,0,0.0000000,0.0000000,'Implementar la cultura de realizar aforos en las fuentes del acueducto con una frecuencia mensual.\nCotejar los registros de agua consumida por los usuarios contra los registros de los aforos realizados en las fuentes, establecer las posibles pérdidas. '),(17,3,1,1.0000000,1.0000000,'Los datos de los aforos de las fuentes se deben utilizar la contruccíón indicadores o controles de eficiencia, balances hídricos y realizar acciones para que población realice un uos racional y eficiente del recurso hídrico.'),(18,4,0,0.0000000,0.0000000,'La ASADA según reglamentación del MINSALUD, debe realizar el plan operativo del acueducto, para lo cual debe hacer uso de la herremienta SERSA, la cual posee la metodologia para la evaluación de los riesgos de los componentes del acueducto. Reglamento 38924-S 2015. \nEn caso de no contar con personal capacitado para realizar el plan operativo del acueducto, solicitar asesoría al Ministerio de Salud Area Rectora Local'),(18,4,1,1.0000000,1.0000000,'Realizar la presentación del plan Operativo de su acueducto, según las fechas establecidas por el  Reglamento 38924-S 2015.'),(19,4,0,0.0000000,0.0000000,'Diseñar un plan para construir un sistema de desinfección con urgencia\nBuscar los fondos y capacitación para construir el sistema\nMantener y controlar el sistema de desinfección'),(19,4,1,1.0000000,1.0000000,'Vigilar la operación eficiente del sistema de desinfección.'),(20,4,0,0.0000000,0.0000000,'Si la calidad y cantidad del agua no son aceptables es necesario: Diseñar un plan para construir una planta potabilizadora , buscar los fondos y capacitación para construir el sistema, mantener y controlar la planta potabilizadora, buscar alianzas con AyA u otras ASADAs para administrar sistemas comunes.'),(20,4,1,1.0000000,1.0000000,'Vigilar la operación y mantenimiento de la Planta Potabilizadora'),(21,4,0,0.0000000,0.0000000,'Iniciar el proceso para obtener el sello de calidad sanitaria.'),(21,4,1,1.0000000,1.0000000,'Mantener las condiciones para continuar con el sello de calidad sanitaria.'),(22,5,0,0.0000000,10.0000000,'Morosidad entre  0% y 10%, la ASADA debe realizar acciones para  disminuir la morosidad de pago de los usuarios cada año, para alcanzar el nivel de cero morosidad. '),(22,5,1,11.0000000,100.0000000,'Morosidad mayor de 10%, en este caso la ASADA debe buscar asesoria con el AyA, con el fin de tener acciones para disminuir la morosidad de pago de los usuarios.'),(23,5,0,0.0000000,40.0000000,'Para un porcentaje de agua no contabilizada menor al 40%, la ASADA debe realizar revisión de los componentes del acueducto para establecer en cuales se presentan pérdidas de agua, con el fin de que se realicen mejoras para disminuir el porcentaje de agua no contabilizada.  '),(23,5,1,41.0000000,100.0000000,'Para un porcentaje de agua no contabilizada mayor al 40%, la ASADA se debe realizar del estudio del balance hidrico y localización de las perdidas mediante equipos especilaizados en componentes del acueducto en especial, en las redes de conducción y de distribucción.'),(24,6,0,0.0000000,100.0000000,'Según Mideplan si su índice está entre 100-72,5 su cantón se encuentra ubicado en el mayor desarrollo relativo. Si el valor esta entre 72,5-58 se encuentra en nivel medio. Para valores entre 57,9-43,9 se encuentra en nivel bajo. Valores inferiores a 43,8-0 estará ubicado en un nivel muy bajo. MIDEPLAN https://documentos.mideplan.go.cr/share/s/7gQJ5YXdSWKep9pZLfyzJA _x000D_'),(25,7,0,0.0000000,0.0000000,'La ASADA debe iniciar acciones para cumplir con los requisitos solicitados en el Programa Bandera Azul Ecológica.\nLa ASADA debe incentivar a la comunidad para que se inscriba y certifique en el Programa de Bandera Azul Ecológica.'),(25,7,1,1.0000000,1.0000000,'Velar por el mantenimiento de la bandera azul ecológica.'),(26,7,0,0.0000000,0.0000000,'Incorporar en el plan de trabajo acciones para desarrollar programas de educación ambiental comunal, coordinar estas acciones con la Municipalidad, ONGs, Universidades, Ministerio de Salud y Ministerio de Educación y MINAE. '),(26,7,1,1.0000000,1.0000000,'Continuar con los programas de educación ambiental.'),(27,8,1,1.0000000,1.0000000,'Coordinar con la Comisión Nacional de Emergencia para establecer planes de mitigación debido a los riesgos de inundación. Coordinar con la Municipalidad acciones conjuntas.\nMantener un fondo para reparaciones del acueducto por afectaciones de inudaciones. \nPlanificar el cambio de las infraestructuras hasta sitios con menos riesgo cuando sea posible. '),(28,8,1,1.0000000,1.0000000,'Coordinar con la Comisión Nacional de Emergencia para establecer planes de mitigación debido a los riesgos de deslizamiento. Coordinar con la Municipalidad acciones conjuntas. \nMantener un fondo para reparaciones del acueducto por afectaciones de deslizamiento.  \nPlanificar el cambio de las infraestructuras hasta sitios con menos riesgo cuando sea posible. '),(29,8,1,1.0000000,1.0000000,'Coordinar con la Comisión Nacional de Emergencia para establecer planes de mitigación debido a los riesgos volcánicos. Coordinar con la Municipalidad acciones conjuntas. \nMantener un fondo para reparaciones del acueducto por afectaciones volcánicas.  \nPlanificar el cambio de las infraestructuras hasta sitios con menos riesgo cuando sea posible. '),(30,8,1,1.0000000,1.0000000,'Coordinar con la Comisión Nacional de Emergencia para establecer planes de mitigación debido a los riesgos por zona sísmica. Coordinar con la Municipalidad acciones conjuntas. \nMantener un fondo para reparaciones del acueducto por afectaciones de sismo.  \nPlanificar el cambio de las infraestructuras hasta sitios con menos riesgo cuando sea posible. ');
/*!40000 ALTER TABLE `AYUDAXINDICADOR` ENABLE KEYS */;
UNLOCK TABLES;

--
-- Table structure for table `CANTON`
--

DROP TABLE IF EXISTS `CANTON`;
/*!40101 SET @saved_cs_client     = @@character_set_client */;
/*!40101 SET character_set_client = utf8 */;
CREATE TABLE `CANTON` (
  `ID` int(11) NOT NULL,
  `Nombre` varchar(20) DEFAULT NULL,
  `Provincia_ID` int(11) NOT NULL,
  PRIMARY KEY (`ID`,`Provincia_ID`),
  KEY `CANTON_PROVINCIA_FK` (`Provincia_ID`),
  CONSTRAINT `CANTON_PROVINCIA_FK` FOREIGN KEY (`Provincia_ID`) REFERENCES `PROVINCIA` (`ID`) ON DELETE CASCADE
) ENGINE=InnoDB DEFAULT CHARSET=utf8;
/*!40101 SET character_set_client = @saved_cs_client */;

--
-- Dumping data for table `CANTON`
--

LOCK TABLES `CANTON` WRITE;
/*!40000 ALTER TABLE `CANTON` DISABLE KEYS */;
INSERT INTO `CANTON` VALUES (1,'SAN JOSE',1),(1,'ALAJUELA',2),(1,'CARTAGO',3),(1,'HEREDIA',4),(1,'LIBERIA',5),(1,'PUNTARENAS',6),(1,'LIMON',7),(2,'ESCAZU',1),(2,'SAN RAMON',2),(2,'PARAISO',3),(2,'BARVA',4),(2,'NICOYA',5),(2,'ESPARZA',6),(2,'POCOCI',7),(3,'DESAMPARADOS',1),(3,'GRECIA',2),(3,'LA UNION',3),(3,'SANTO DOMINGO',4),(3,'SANTA CRUZ',5),(3,'BUENOS AIRES',6),(3,'SIQUIRRES',7),(4,'PURISCAL',1),(4,'SAN MATEO',2),(4,'JIMENEZ',3),(4,'SANTA BARBARA',4),(4,'BAGACES',5),(4,'MONTES DE ORO',6),(4,'TALAMANCA',7),(5,'TARRAZU',1),(5,'ATENAS',2),(5,'TURRIALBA',3),(5,'SAN RAFAEL',4),(5,'CARRILLO',5),(5,'OSA',6),(5,'MATINA',7),(6,'ASERRI',1),(6,'NARANJO',2),(6,'ALVARADO',3),(6,'SAN ISIDRO',4),(6,'CAÑAS',5),(6,'AGUIRRE',6),(6,'GUACIMO',7),(7,'MORA',1),(7,'PALMARES',2),(7,'OREAMUNO',3),(7,'BELEN',4),(7,'ABANGARES',5),(7,'GOLFITO',6),(8,'GOICOECHEA',1),(8,'POAS',2),(8,'EL GUARCO',3),(8,'FLORES',4),(8,'TILARAN',5),(8,'COTO BRUS',6),(9,'SANTA ANA',1),(9,'OROTINA',2),(9,'SAN PABLO',4),(9,'NANDAYURE',5),(9,'PARRITA',6),(10,'ALAJUELITA',1),(10,'SAN CARLOS',2),(10,'SARAPIQUI',4),(10,'LA CRUZ',5),(10,'CORREDORES',6),(11,'VAZQUEZ DE CORONADO',1),(11,'ZARCERO',2),(11,'HOJANCHA',5),(11,'GARABITO',6),(12,'ACOSTA',1),(12,'VALVERDE VEGA',2),(13,'TIBAS',1),(13,'UPALA',2),(14,'MORAVIA',1),(14,'LOS CHILES',2),(15,'MONTES DE OCA',1),(15,'GUATUSO',2),(16,'TURRUBARES',1),(16,'RIO CUARTO',2),(17,'DOTA',1),(18,'CURRIDABAT',1),(19,'PEREZ ZELEDON',1),(20,'LEON CORTES',1);
/*!40000 ALTER TABLE `CANTON` ENABLE KEYS */;
UNLOCK TABLES;

--
-- Table structure for table `COMPONENTE`
--

DROP TABLE IF EXISTS `COMPONENTE`;
/*!40101 SET @saved_cs_client     = @@character_set_client */;
/*!40101 SET character_set_client = utf8 */;
CREATE TABLE `COMPONENTE` (
  `ID` int(11) NOT NULL AUTO_INCREMENT,
  `Nombre` varchar(50) NOT NULL,
  `Valor` double(10,7) NOT NULL,
  PRIMARY KEY (`ID`)
) ENGINE=InnoDB AUTO_INCREMENT=8 DEFAULT CHARSET=utf8;
/*!40101 SET character_set_client = @saved_cs_client */;

--
-- Dumping data for table `COMPONENTE`
--

LOCK TABLES `COMPONENTE` WRITE;
/*!40000 ALTER TABLE `COMPONENTE` DISABLE KEYS */;
INSERT INTO `COMPONENTE` VALUES (1,'SANEAMIENTO',35.0000000),(2,'GESTIÓN DE RECURSO HÍDRICO',35.0000000),(3,'DESARROLLO SOCIAL',10.0000000),(4,'EDUCACIÓN',10.0000000),(5,'RIESGO POR EVENTO NATURAL',10.0000000);
/*!40000 ALTER TABLE `COMPONENTE` ENABLE KEYS */;
UNLOCK TABLES;

--
-- Temporary table structure for view `COMPONENTE_IRSSAS_VIEW`
--

DROP TABLE IF EXISTS `COMPONENTE_IRSSAS_VIEW`;
/*!50001 DROP VIEW IF EXISTS `COMPONENTE_IRSSAS_VIEW`*/;
SET @saved_cs_client     = @@character_set_client;
SET character_set_client = utf8;
/*!50001 CREATE TABLE `COMPONENTE_IRSSAS_VIEW` (
  `componente` tinyint NOT NULL,
  `componente_id` tinyint NOT NULL,
  `asada_id` tinyint NOT NULL
) ENGINE=MyISAM */;
SET character_set_client = @saved_cs_client;

--
-- Table structure for table `DISTRITO`
--

DROP TABLE IF EXISTS `DISTRITO`;
/*!40101 SET @saved_cs_client     = @@character_set_client */;
/*!40101 SET character_set_client = utf8 */;
CREATE TABLE `DISTRITO` (
  `ID` int(11) NOT NULL,
  `Nombre` varchar(50) DEFAULT NULL,
  `Canton_ID` int(11) NOT NULL,
  `Provincia_ID` int(11) NOT NULL,
  `Codigo` int(11) NOT NULL,
  PRIMARY KEY (`ID`,`Canton_ID`,`Provincia_ID`),
  UNIQUE KEY `Codigo` (`Codigo`),
  KEY `DISTRITO_CANTON_FK` (`Canton_ID`,`Provincia_ID`),
  CONSTRAINT `DISTRITO_CANTON_FK` FOREIGN KEY (`Canton_ID`, `Provincia_ID`) REFERENCES `CANTON` (`ID`, `Provincia_ID`) ON DELETE CASCADE
) ENGINE=InnoDB DEFAULT CHARSET=utf8;
/*!40101 SET character_set_client = @saved_cs_client */;

--
-- Dumping data for table `DISTRITO`
--

LOCK TABLES `DISTRITO` WRITE;
/*!40000 ALTER TABLE `DISTRITO` DISABLE KEYS */;
INSERT INTO `DISTRITO` VALUES (1,'EL CARMEN',1,1,1011),(1,'ALAJUELA',1,2,2011),(1,'ORIENTAL',1,3,3011),(1,'HEREDIA',1,4,4011),(1,'LIBERIA',1,5,5011),(1,'PUNTARENAS',1,6,6011),(1,'LIMON',1,7,7011),(1,'ESCAZU',2,1,1021),(1,'SAN RAMON',2,2,2021),(1,'PARAISO',2,3,3021),(1,'BARVA',2,4,4021),(1,'NICOYA',2,5,5021),(1,'ESPIRITU SANTO',2,6,6021),(1,'GUAPILES',2,7,7021),(1,'DESAMPARADOS',3,1,1031),(1,'GRECIA',3,2,2031),(1,'TRES RIOS',3,3,3031),(1,'SANTO DOMINGO',3,4,4031),(1,'SANTA CRUZ',3,5,5031),(1,'BUENOS AIRES',3,6,6031),(1,'SIQUIRRES',3,7,7031),(1,'SANTIAGO',4,1,1041),(1,'SAN MATEO',4,2,2041),(1,'JUAN VIÑAS',4,3,3041),(1,'SANTA BARBARA',4,4,4041),(1,'BAGACES',4,5,5041),(1,'MIRAMAR',4,6,6041),(1,'BRATSI',4,7,7041),(1,'SAN MARCOS',5,1,1051),(1,'ATENAS',5,2,2051),(1,'TURRIALBA',5,3,3051),(1,'SAN RAFAEL',5,4,4051),(1,'FILADELFIA',5,5,5051),(1,'PUERTO CORTES',5,6,6051),(1,'MATINA',5,7,7051),(1,'ASERRI',6,1,1061),(1,'NARANJO',6,2,2061),(1,'PACAYAS',6,3,3061),(1,'SAN ISIDRO',6,4,4061),(1,'CAÑAS',6,5,5061),(1,'QUEPOS',6,6,6061),(1,'GUACIMO',6,7,7061),(1,'COLON',7,1,1071),(1,'PALMARES',7,2,2071),(1,'SAN RAFAEL',7,3,3071),(1,'SAN ANTONIO',7,4,4071),(1,'LAS JUNTAS',7,5,5071),(1,'GOLFITO',7,6,6071),(1,'GUADALUPE',8,1,1081),(1,'SAN PEDRO',8,2,2081),(1,'EL TEJAR',8,3,3081),(1,'SAN JOAQUIN',8,4,4081),(1,'TILARAN',8,5,5081),(1,'SAN VITO',8,6,6081),(1,'SANTA ANA',9,1,1091),(1,'OROTINA',9,2,2091),(1,'SAN PABLO',9,4,4091),(1,'CARMONA',9,5,5091),(1,'PARRITA',9,6,6091),(1,'ALAJUELITA',10,1,1101),(1,'QUESADA',10,2,2101),(1,'PUERTO VIEJO',10,4,4101),(1,'LA CRUZ',10,5,5101),(1,'CORREDOR',10,6,6101),(1,'SAN ISIDRO',11,1,1111),(1,'ZARCERO',11,2,2111),(1,'HOJANCHA',11,5,5111),(1,'JACO',11,6,6111),(1,'SAN IGNACIO',12,1,1121),(1,'SARCHI NORTE',12,2,2121),(1,'SAN JUAN',13,1,1131),(1,'UPALA',13,2,2131),(1,'SAN VICENTE',14,1,1141),(1,'LOS CHILES',14,2,2141),(1,'SAN PEDRO',15,1,1151),(1,'SAN RAFAEL',15,2,2151),(1,'SAN PABLO',16,1,1161),(1,'RIO CUARTO',16,2,2161),(1,'SANTA MARIA',17,1,1171),(1,'CURRIDABAT',18,1,1181),(1,'SAN ISIDRO DEL GENERAL',19,1,1191),(1,'SAN PABLO',20,1,1201),(2,'MERCED',1,1,1012),(2,'SAN JOSE',1,2,2012),(2,'OCCIDENTAL',1,3,3012),(2,'MERCEDES',1,4,4012),(2,'CAÑAS DULCES',1,5,5012),(2,'PITAHAYA',1,6,6012),(2,'VALLE DE LA ESTRELLA',1,7,7012),(2,'SAN ANTONIO',2,1,1022),(2,'SANTIAGO',2,2,2022),(2,'SANTIAGO',2,3,3022),(2,'SAN PEDRO',2,4,4022),(2,'MANSION',2,5,5022),(2,'SAN JUAN GRANDE',2,6,6022),(2,'JIMENES',2,7,7022),(2,'SAN MIGUEL',3,1,1032),(2,'SAN ISIDRO',3,2,2032),(2,'SAN DIEGO',3,3,3032),(2,'SAN VICENTE',3,4,4032),(2,'BOLSON',3,5,5032),(2,'VOLCAN',3,6,6032),(2,'PACUARITO',3,7,7032),(2,'MERCEDES SUR',4,1,1042),(2,'DESMONTE',4,2,2042),(2,'TUCURRIQUE',4,3,3042),(2,'SAN PEDRO',4,4,4042),(2,'LA FORTUNA',4,5,5042),(2,'LA UNION',4,6,6042),(2,'SIXAOLA',4,7,7042),(2,'SAN LORENZO',5,1,1052),(2,'JESUS',5,2,2052),(2,'LA SUIZA',5,3,3052),(2,'SAN JOSECITO',5,4,4052),(2,'PALMIRA',5,5,5052),(2,'PALMAR',5,6,6052),(2,'BATAN',5,7,7052),(2,'TARBACA',6,1,1062),(2,'SAN MIGUEL',6,2,2062),(2,'CERVANTES',6,3,3062),(2,'SAN JOSE',6,4,4062),(2,'PALMIRA',6,5,5062),(2,'SAVEGRE',6,6,6062),(2,'MERCEDES',6,7,7062),(2,'GUAYABO',7,1,1072),(2,'ZARAGOZA',7,2,2072),(2,'COT',7,3,3072),(2,'LA RIBERA',7,4,4072),(2,'SIERRA',7,5,5072),(2,'PUERTO JIMENEZ',7,6,6072),(2,'SAN FRANCISCO',8,1,1082),(2,'SAN JUAN',8,2,2082),(2,'SAN ISIDRO',8,3,3082),(2,'BARRANTES',8,4,4082),(2,'QUEBRADA GRANDE',8,5,5082),(2,'SABALITO',8,6,6082),(2,'SALITRAL',9,1,1092),(2,'EL MASTATE',9,2,2092),(2,'RINCON DE SABANILLA',9,4,4092),(2,'SANTA RITA',9,5,5092),(2,'SAN JOSECITO',10,1,1102),(2,'FLORENCIA',10,2,2102),(2,'LA VIRGEN',10,4,4102),(2,'SANTA CECILIA',10,5,5102),(2,'LA CUESTA',10,6,6102),(2,'SAN RAFAEL',11,1,1112),(2,'LAGUNA',11,2,2112),(2,'MONTE ROMO',11,5,5112),(2,'TARCOLES',11,6,6112),(2,'GUAITIL',12,1,1122),(2,'SARCHI SUR',12,2,2122),(2,'CINCO ESQUINAS',13,1,1132),(2,'AGUAS CLARAS',13,2,2132),(2,'SAN JERONIMO',14,1,1142),(2,'CAÑO NEGRO',14,2,2142),(2,'SABANILLA',15,1,1152),(2,'BUENAVISTA',15,2,2152),(2,'SAN PEDRO',16,1,1162),(2,'JARDIN',17,1,1172),(2,'GRANADILLA',18,1,1182),(2,'EL GENERAL',19,1,1192),(2,'SAN ANDRES',20,1,1202),(3,'HOSPITAL',1,1,1013),(3,'CARRIZAL',1,2,2013),(3,'CARMEN',1,3,3013),(3,'SAN FRANCISCO',1,4,4013),(3,'MAYORGA',1,5,5013),(3,'CHOMES',1,6,6013),(3,'RIO BLANCO',1,7,7013),(3,'SAN RAFAEL',2,1,1023),(3,'SAN JUAN',2,2,2023),(3,'OROSI',2,3,3023),(3,'SAN PABLO',2,4,4023),(3,'SAN ANTONIO',2,5,5023),(3,'MACACONA',2,6,6023),(3,'RITA',2,7,7023),(3,'SAN JUAN DE DIOS',3,1,1033),(3,'SAN JOSE',3,2,2033),(3,'SAN JUAN',3,3,3033),(3,'SAN MIGUEL',3,4,4033),(3,'VEINTISIETE DE ABRIL',3,5,5033),(3,'POTRERO GRANDE',3,6,6033),(3,'FLORIDA',3,7,7033),(3,'BARBACOAS',4,1,1043),(3,'JESUS MARIA',4,2,2043),(3,'PEJIBAYE',4,3,3043),(3,'SAN JUAN',4,4,4043),(3,'MOGOTE',4,5,5043),(3,'SAN ISIDRO',4,6,6043),(3,'CAHUITA',4,7,7043),(3,'SAN CARLOS',5,1,1053),(3,'MERCEDES',5,2,2053),(3,'PERALTA',5,3,3053),(3,'SANTIAGO',5,4,4053),(3,'SARDINAL',5,5,5053),(3,'SIERPE',5,6,6053),(3,'CARRANDI',5,7,7053),(3,'VUELTA DE JORCO',6,1,1063),(3,'SAN JOSE',6,2,2063),(3,'CAPELLADES',6,3,3063),(3,'CONCEPCION',6,4,4063),(3,'SAN MIGUEL',6,5,5063),(3,'NARANJITO',6,6,6063),(3,'POCORA',6,7,7063),(3,'TABARCIA',7,1,1073),(3,'BUENOS AIRES',7,2,2073),(3,'POTRERO CERRADO',7,3,3073),(3,'LA ASUNCION',7,4,4073),(3,'SAN JUAN',7,5,5073),(3,'GUAYCARA',7,6,6073),(3,'CALLE BLANCOS',8,1,1083),(3,'SAN RAFAEL',8,2,2083),(3,'TOBOSI',8,3,3083),(3,'LLORENTE',8,4,4083),(3,'TRONADORA',8,5,5083),(3,'AGUABUENA',8,6,6083),(3,'POZOS',9,1,1093),(3,'HACIENDA VIEJA',9,2,2093),(3,'ZAPOTAL',9,5,5093),(3,'SAN ANTONIO',10,1,1103),(3,'BUENAVISTA',10,2,2103),(3,'LAS HORQUETAS',10,4,4103),(3,'LA GARITA',10,5,5103),(3,'CANOAS',10,6,6103),(3,'DULCE NOMBRE DE JESUS',11,1,1113),(3,'TAPESCO',11,2,2113),(3,'PUERTO CARRILLO',11,5,5113),(3,'PALMICHAL',12,1,1123),(3,'TORO AMARILLO',12,2,2123),(3,'ANSELMO LLORENTE',13,1,1133),(3,'SAN JOSE O PIZOTE',13,2,2133),(3,'LA TRINIDAD',14,1,1143),(3,'EL AMPARO',14,2,2143),(3,'MERCEDES',15,1,1153),(3,'COTE',15,2,2153),(3,'SAN JUAN DE MATA',16,1,1163),(3,'COPEY',17,1,1173),(3,'SANCHEZ',18,1,1183),(3,'DANIEL FLORES',19,1,1193),(3,'LLANO BONITO',20,1,1203),(4,'CATEDRAL',1,1,1014),(4,'SAN ANTONIO',1,2,2014),(4,'SAN NICOLAS',1,3,3014),(4,'ULLOA',1,4,4014),(4,'NACASCOLO',1,5,5014),(4,'LEPANTO',1,6,6014),(4,'MATAMA',1,7,7014),(4,'PIEDADES NORTE',2,2,2024),(4,'CACHI',2,3,3024),(4,'SAN ROQUE',2,4,4024),(4,'QUEBRADA HONDA',2,5,5024),(4,'SAN RAFAEL',2,6,6024),(4,'ROXANA',2,7,7024),(4,'SAN RAFAEL ARRIBA',3,1,1034),(4,'SAN ROQUE',3,2,2034),(4,'SAN RAFAEL',3,3,3034),(4,'PARACITO',3,4,4034),(4,'TEMPATE',3,5,5034),(4,'BORUCA',3,6,6034),(4,'GERMANIA',3,7,7034),(4,'GRIFO ALTO',4,1,1044),(4,'LABRADOR',4,2,2044),(4,'JESUS',4,4,4044),(4,'RIO NARANJO',4,5,5044),(4,'TELIRE',4,7,7044),(4,'SAN ISIDRO',5,2,2054),(4,'SANTA CRUZ',5,3,3054),(4,'ANGELES',5,4,4054),(4,'BELEN',5,5,5054),(4,'BAHIA BALLENA',5,6,6054),(4,'SAN GABRIEL',6,1,1064),(4,'CIRRI SUR',6,2,2064),(4,'SAN FRANCISCO',6,4,4064),(4,'BEBEDERO',6,5,5064),(4,'RIO JIMENES',6,7,7064),(4,'PIEDRAS NEGRAS',7,1,1074),(4,'SANTIAGO',7,2,2074),(4,'CIPRESES',7,3,3074),(4,'COLORADO',7,5,5074),(4,'PAVON',7,6,6074),(4,'MATA DE PLATANO',8,1,1084),(4,'CARRILLOS',8,2,2084),(4,'PATIO DE AGUA',8,3,3084),(4,'SANTA ROSA',8,5,5084),(4,'LIMONCITO',8,6,6084),(4,'URUCA',9,1,1094),(4,'COYOLAR',9,2,2094),(4,'SAN PABLO',9,5,5094),(4,'CONCEPCION',10,1,1104),(4,'AGUAS ZARCAS',10,2,2104),(4,'LLANURAS DEL GASPAR',10,4,4104),(4,'SANTA ELENA',10,5,5104),(4,'LAUREL',10,6,6104),(4,'PATALILLO',11,1,1114),(4,'GUADALUPE',11,2,2114),(4,'HUACAS',11,5,5114),(4,'CANGREJAL',12,1,1124),(4,'SAN PEDRO',12,2,2124),(4,'LEON XIII',13,1,1134),(4,'BIJAGUA',13,2,2134),(4,'SAN JORGE',14,2,2144),(4,'SAN RAFAEL',15,1,1154),(4,'KATIRA',15,2,2154),(4,'SAN LUIS',16,1,1164),(4,'TIRRASES',18,1,1184),(4,'RIVAS',19,1,1194),(4,'SAN ISIDRO',20,1,1204),(5,'ZAPOTE',1,1,1015),(5,'GUACIMA',1,2,2015),(5,'AGUACALIENTE O SAN FRANCISCO',1,3,3015),(5,'VARABLANCA',1,4,4015),(5,'CURUBANDE',1,5,5015),(5,'PAQUERA',1,6,6015),(5,'PIEDADES SUR',2,2,2025),(5,'LLANOS DE SANTA LUCIA',2,3,3025),(5,'SANTA LUCIA',2,4,4025),(5,'SAMARA',2,5,5025),(5,'SAN JERONIMO',2,6,6025),(5,'CARIARI',2,7,7025),(5,'SAN ANTONIO',3,1,1035),(5,'TACARES',3,2,2035),(5,'CONCEPCION',3,3,3035),(5,'SANTO TOMAS',3,4,4035),(5,'CARTAGENA',3,5,5035),(5,'PILAS',3,6,6035),(5,'EL CAIRO',3,7,7035),(5,'SAN RAFAEL',4,1,1045),(5,'SANTO DOMINGO',4,4,4045),(5,'CONCEPCION',5,2,2055),(5,'SANTA TERESITA',5,3,3055),(5,'CONCEPCION',5,4,4055),(5,'PIEDRAS BLANCAS',5,6,6055),(5,'LEGUA',6,1,1065),(5,'SAN JERONIMO',6,2,2065),(5,'POROZAL',6,5,5065),(5,'DUACARI',6,7,7065),(5,'PICAGRES',7,1,1075),(5,'CANDELARIA',7,2,2075),(5,'SANTA ROSA',7,3,3075),(5,'IPIS',8,1,1085),(5,'SABANA REDONDA',8,2,2085),(5,'LIBANO',8,5,5085),(5,'PITTIER',8,6,6085),(5,'PIEDADES',9,1,1095),(5,'LA CEIBA',9,2,2095),(5,'PORVENIR',9,5,5095),(5,'SAN FELIPE',10,1,1105),(5,'VENECIA',10,2,2105),(5,'CUREÑA',10,4,4105),(5,'CASCAJAL',11,1,1115),(5,'PALMIRA',11,2,2115),(5,'MATAMBÚ',11,5,5115),(5,'SABANILLAS',12,1,1125),(5,'RODRIGUEZ',12,2,2125),(5,'COLIMA',13,1,1135),(5,'DELICIAS',13,2,2135),(5,'CARARA',16,1,1165),(5,'SAN PEDRO',19,1,1195),(5,'SANTA CRUZ',20,1,1205),(6,'SAN FRANCISCO DE DOS RIOS',1,1,1016),(6,'SAN ISIDRO',1,2,2016),(6,'GUADALUPE O ARENILLA',1,3,3016),(6,'MANZANILLO',1,6,6016),(6,'SAN RAFAEL',2,2,2026),(6,'SAN JOSE DE LA MONTAÑA',2,4,4026),(6,'NOSARA',2,5,5026),(6,'CALDERA',2,6,6026),(6,'COLORADO',2,7,7026),(6,'FRAILES',3,1,1036),(6,'DULCE NOMBRE',3,3,3036),(6,'SANTA ROSA',3,4,4036),(6,'CUAJINIQUIL',3,5,5036),(6,'COLINAS',3,6,6036),(6,'LA ALEGRIA',3,7,7036),(6,'CANDELARITA',4,1,1046),(6,'PURABA',4,4,4046),(6,'SAN JOSE',5,2,2056),(6,'PAVONES',5,3,3056),(6,'BAHIA DRAKE',5,6,6056),(6,'MONTERREY',6,1,1066),(6,'SAN JUAN',6,2,2066),(6,'JARIS',7,1,1076),(6,'ESQUIPULAS',7,2,2076),(6,'RANCHO REDONDO',8,1,1086),(6,'TIERRAS MORENAS',8,5,5086),(6,'GUTIERREZ BROWN',8,6,6086),(6,'BRASIL',9,1,1096),(6,'BEJUCO',9,5,5096),(6,'PITAL',10,2,2106),(6,'ZAPOTE',11,2,2116),(6,'DOS RIOS',13,2,2136),(6,'PLATANARES',19,1,1196),(6,'SAN ANTONIO',20,1,1206),(7,'URUCA',1,1,1017),(7,'SABANILLA',1,2,2017),(7,'CORRALILLO',1,3,3017),(7,'GUACIMAL',1,6,6017),(7,'SAN ISIDRO',2,2,2027),(7,'BELEN DE NOSARITA',2,5,5027),(7,'COLONIA',2,7,7027),(7,'PATARRA',3,1,1037),(7,'PUENTE DE PIEDRA',3,2,2037),(7,'SAN RAMON',3,3,3037),(7,'TURES',3,4,4037),(7,'DIRIA',3,5,5037),(7,'CHANGUENA',3,6,6037),(7,'DESAMPARADITOS',4,1,1047),(7,'SANTA EULALIA',5,2,2057),(7,'TUIS',5,3,3057),(7,'SALITRILLOS',6,1,1067),(7,'EL ROSARIO',6,2,2067),(7,'QUITIRRISÍ',7,1,1077),(7,'LA GRANJA',7,2,2077),(7,'PURRAL',8,1,1087),(7,'ARENAL',8,5,5087),(7,'LA FORTUNA',10,2,2107),(7,'BRISAS',11,2,2117),(7,'YOLILLAL',13,2,2137),(7,'PEJIBAYE',19,1,1197),(8,'MATA REDONDA',1,1,1018),(8,'SAN RAFAEL',1,2,2018),(8,'TIERRA BLANCA',1,3,3018),(8,'BARRANCA',1,6,6018),(8,'ANGELES',2,2,2028),(8,'SAN CRISTOBAL',3,1,1038),(8,'BOLIVAR',3,2,2038),(8,'RIO AZUL',3,3,3038),(8,'PARA',3,4,4038),(8,'CABO VELAS',3,5,5038),(8,'BIOLLEY',3,6,6038),(8,'SAN ANTONIO',4,1,1048),(8,'ESCOBAL',5,2,2058),(8,'TAYUTIC',5,3,3058),(8,'PALMITOS',6,2,2068),(8,'LA TIGRA',10,2,2108),(8,'CANALETE',13,2,2138),(8,'CAJON',19,1,1198),(9,'PAVAS',1,1,1019),(9,'RIO SEGUNDO',1,2,2019),(9,'DULCE NOMBRE',1,3,3019),(9,'MONTE VERDE',1,6,6019),(9,'ALFARO',2,2,2029),(9,'ROSARIO',3,1,1039),(9,'TAMARINDO',3,5,5039),(9,'BRUNKA',3,6,6039),(9,'CHIRES',4,1,1049),(9,'SANTA ROSA',5,3,3059),(9,'LA PALMERA',10,2,2109),(9,'BARU',19,1,1199),(10,'HATILLO',1,1,10110),(10,'DESAMPARADOS',1,2,20110),(10,'LLANO GRANDE',1,3,30110),(10,'ISLA DEL COCO',1,6,60110),(10,'VOLIO',2,2,20210),(10,'DAMAS',3,1,10310),(10,'CANGREJA',4,1,10410),(10,'TRES EQUIS',5,3,30510),(10,'VENADO',10,2,21010),(10,'RIO NUEVO',19,1,11910),(11,'SAN SEBASTIAN',1,1,10111),(11,'TURRUCARES',1,2,20111),(11,'QUEBRADILLAS',1,3,30111),(11,'COBANO',1,6,60111),(11,'CONCEPCION',2,2,20211),(11,'SAN RAFAEL ABAJO',3,1,10311),(11,'LA ISABEL',5,3,30511),(11,'CUTRIS',10,2,21011),(11,'PARAMO',19,1,11911),(12,'TAMBOR',1,2,20112),(12,'CHACARITA',1,6,60112),(12,'ZAPOTAL',2,2,20212),(12,'GRAVILIAS',3,1,10312),(12,'CHIRRIPO',5,3,30512),(12,'MONTERREY',10,2,21012),(12,'AMISTAD',19,1,11912),(13,'GARITA',1,2,20113),(13,'CHIRA',1,6,60113),(13,'PEÑAS BLANCAS',2,2,20213),(13,'LOS GUIDO',3,1,10313),(13,'POCOSOL',10,2,21013),(14,'SARAPIQUI',1,2,20114),(14,'ACAPULCO',1,6,60114),(14,'SAN LORENZO',2,2,20214),(15,'EL ROBLE',1,6,60115),(16,'ARANCIBIA',1,6,60116);
/*!40000 ALTER TABLE `DISTRITO` ENABLE KEYS */;
UNLOCK TABLES;

--
-- Table structure for table `HISTORICORESPUESTA`
--

DROP TABLE IF EXISTS `HISTORICORESPUESTA`;
/*!40101 SET @saved_cs_client     = @@character_set_client */;
/*!40101 SET character_set_client = utf8 */;
CREATE TABLE `HISTORICORESPUESTA` (
  `ID` int(11) NOT NULL,
  `anno` int(11) NOT NULL,
  `INDICADOR_ID` int(11) NOT NULL,
  `ASADA_ID` varchar(20) NOT NULL,
  `Valor` double(10,7) NOT NULL,
  `Texto` varchar(20) NOT NULL,
  PRIMARY KEY (`ID`)
) ENGINE=InnoDB DEFAULT CHARSET=utf8;
/*!40101 SET character_set_client = @saved_cs_client */;

--
-- Dumping data for table `HISTORICORESPUESTA`
--

LOCK TABLES `HISTORICORESPUESTA` WRITE;
/*!40000 ALTER TABLE `HISTORICORESPUESTA` DISABLE KEYS */;
/*!40000 ALTER TABLE `HISTORICORESPUESTA` ENABLE KEYS */;
UNLOCK TABLES;

--
-- Table structure for table `INDICADOR`
--

DROP TABLE IF EXISTS `INDICADOR`;
/*!40101 SET @saved_cs_client     = @@character_set_client */;
/*!40101 SET character_set_client = utf8 */;
CREATE TABLE `INDICADOR` (
  `ID` int(11) NOT NULL AUTO_INCREMENT,
  `Codigo` varchar(10) DEFAULT NULL,
  `SUBCOMPONENTE_ID` int(11) NOT NULL,
  `MEDIDA_ID` int(11) NOT NULL,
  `Nombre` varchar(200) NOT NULL,
  `Valor` double(10,7) NOT NULL,
  PRIMARY KEY (`ID`),
  KEY `INDICADOR_MEDIDA_FK` (`MEDIDA_ID`),
  KEY `INDICADOR_SUBCOMPONENTE_FK` (`SUBCOMPONENTE_ID`),
  CONSTRAINT `INDICADOR_MEDIDA_FK` FOREIGN KEY (`MEDIDA_ID`) REFERENCES `MEDIDA` (`ID`) ON DELETE CASCADE,
  CONSTRAINT `INDICADOR_SUBCOMPONENTE_FK` FOREIGN KEY (`SUBCOMPONENTE_ID`) REFERENCES `SUBCOMPONENTE` (`ID`) ON DELETE CASCADE
) ENGINE=InnoDB AUTO_INCREMENT=32 DEFAULT CHARSET=utf8;
/*!40101 SET character_set_client = @saved_cs_client */;

--
-- Dumping data for table `INDICADOR`
--

LOCK TABLES `INDICADOR` WRITE;
/*!40000 ALTER TABLE `INDICADOR` DISABLE KEYS */;
INSERT INTO `INDICADOR` VALUES (1,'GAR-1',1,1,'¿Existe sistema de tratamiento individual de aguas negras en la comunidad? ',0.0350000),(2,'GAR-2',1,1,'¿Existe presencia de aguas grises en los caños de recolección de agua lluvia? ',0.0350000),(3,'GAR-3',1,1,'¿La población cuenta con alcantarillado pluvial? ',0.0350000),(4,'GAR-4',1,1,'¿La población tiene Planta de tratamiento de aguas residuales?',0.0350000),(5,'GAR-5',1,5,'Porcentaje (%) de liquidez para invertir en mejoras del acueducto.',0.0350000),(6,'GRS-1',2,3,'Porcentaje (%) Cobertura de recolección de residuos sólidos no valorizables.',0.0350000),(7,'GRS-2',2,1,'¿Existe recolección de residuos valorizables? ',0.0350000),(8,'GRS-3',2,4,'Producción per cápita de residuos sólidos',0.0350000),(9,'GRS-4',2,4,'Inversión anual en Gestión Integral de Residuos Sólidos por persona por año en el cantón ($/persona/año) \n',0.0350000),(10,'GRS-5',2,4,'Inversión anual en la limpieza de vías y áreas comunes por persona en el cada cantón ($/persona/año)',0.0350000),(11,'GRPH-1',3,1,'¿La ubicación de la captación está en área protegida o en zona de conservación?',0.0250000),(12,'GRPH-2',3,1,'¿Está demarcada la zona de protección legalmente?',0.0250000),(13,'GRPH-3',3,1,'¿Se cuenta con información del balance hídrico?',0.0250000),(14,'GRPH-4',3,4,'Consumo promedio de agua de la comunidad expresado en unidades de litros por persona por día \n',0.0250000),(15,'GRPH-5',3,1,'¿La ASADA posee plan de atención integral de riesgos?',0.0250000),(16,'GRPH-6',3,1,'¿Cuentan con programas para adaptación al cambio climático? ',0.0250000),(17,'GRPH-7',3,1,'¿Posee registros de aforos de las fuentes de abastecimiento?',0.0250000),(18,'GAP-1',4,1,'¿Se diagnóstica el riesgo en los componentes del acueducto mediante la herramienta SERSA?',0.0262500),(19,'GAP-2',4,1,'¿La ASADA posee sistema de desinfección? ',0.0262500),(20,'GAP-3',4,1,'¿Posee planta potabilizadora? ',0.0262500),(21,'GAP-4',4,1,'¿Posee la ASADA sello de calidad sanitaria’ ',0.0262500),(22,'GAF-1',5,5,'Porcentaje (%) de Morosidad en el pago del servicio de agua',0.0350000),(23,'GAF-2',5,5,'Porcentaje (%) de agua no contabilizada ',0.0350000),(24,'IDS-1',6,3,'Índice de Desarrollo Social en MIDEPLAN\n',0.1000000),(25,'EC-1',7,1,'¿Posee distinción de Bandera Azul ecológica (en la comunidad, microcuencas y municipalidades)?',0.0500000),(26,'EC-2',7,1,'¿Los operadores han desarrollado programas de educación ambiental para la comunidad y los imparten regularmente (una vez al año)? ',0.0500000),(27,'EN-1',8,2,'¿Posee su acueducto riesgo de inundación?',0.0250000),(28,'EN-2',8,2,'¿Posee su acueducto riesgo de deslizamientos?',0.0250000),(29,'EN-3',8,2,'¿Posee su acueducto riesgos volcánicos?',0.0250000),(30,'EN-4',8,2,'¿Su acueducto está ubicado zonas sísmicas? ',0.0250000);
/*!40000 ALTER TABLE `INDICADOR` ENABLE KEYS */;
UNLOCK TABLES;

--
-- Table structure for table `INDICADORINFO`
--

DROP TABLE IF EXISTS `INDICADORINFO`;
/*!40101 SET @saved_cs_client     = @@character_set_client */;
/*!40101 SET character_set_client = utf8 */;
CREATE TABLE `INDICADORINFO` (
  `ID` int(11) NOT NULL AUTO_INCREMENT,
  `INDICADOR_ID` int(11) DEFAULT NULL,
  `Descripcion` varchar(200) DEFAULT NULL,
  `Formula` varchar(100) DEFAULT NULL,
  `Fuente` varchar(100) DEFAULT NULL,
  `Url` varchar(200) DEFAULT NULL,
  `Responsable` varchar(100) DEFAULT NULL,
  `Periodo` varchar(20) DEFAULT NULL,
  `Observaciones` varchar(200) DEFAULT NULL,
  `Frecuencia` varchar(20) DEFAULT NULL,
  PRIMARY KEY (`ID`),
  KEY `INFO_INDICADOR_FK` (`INDICADOR_ID`),
  CONSTRAINT `INFO_INDICADOR_FK` FOREIGN KEY (`INDICADOR_ID`) REFERENCES `INDICADOR` (`ID`) ON DELETE CASCADE
) ENGINE=InnoDB AUTO_INCREMENT=32 DEFAULT CHARSET=utf8;
/*!40101 SET character_set_client = @saved_cs_client */;

--
-- Dumping data for table `INDICADORINFO`
--

LOCK TABLES `INDICADORINFO` WRITE;
/*!40000 ALTER TABLE `INDICADORINFO` DISABLE KEYS */;
INSERT INTO `INDICADORINFO` VALUES (1,1,'Descripcion','Formula','Fuente','URL','Responsable','Periodo','Observaciones','Frecuencia\r'),(2,2,'Descripcion','Formula','Fuente','URL','Responsable','Periodo','Observaciones','Frecuencia\r'),(3,3,'Descripcion','Formula','Fuente','URL','Responsable','Periodo','Observaciones','Frecuencia\r'),(4,4,'Descripcion','Formula','Fuente','URL','Responsable','Periodo','Observaciones','Frecuencia\r'),(5,5,'Descripcion','Formula','Fuente','URL','Responsable','Periodo','Observaciones','Frecuencia\r'),(6,6,'Descripcion','Formula','Fuente','URL','Responsable','Periodo','Observaciones','Frecuencia\r'),(7,7,'Descripcion','Formula','Fuente','URL','Responsable','Periodo','Observaciones','Frecuencia\r'),(8,8,'Descripcion','Formula','Fuente','URL','Responsable','Periodo','Observaciones','Frecuencia\r'),(9,9,'Descripcion','Formula','Fuente','URL','Responsable','Periodo','Observaciones','Frecuencia\r'),(10,10,'Descripcion','Formula','Fuente','URL','Responsable','Periodo','Observaciones','Frecuencia\r'),(11,11,'Descripcion','Formula','Fuente','URL','Responsable','Periodo','Observaciones','Frecuencia\r'),(12,12,'Descripcion','Formula','Fuente','URL','Responsable','Periodo','Observaciones','Frecuencia\r'),(13,13,'Descripcion','Formula','Fuente','URL','Responsable','Periodo','Observaciones','Frecuencia\r'),(14,14,'Descripcion','Formula','Fuente','URL','Responsable','Periodo','Observaciones','Frecuencia\r'),(15,15,'Descripcion','Formula','Fuente','URL','Responsable','Periodo','Observaciones','Frecuencia\r'),(16,16,'Descripcion','Formula','Fuente','URL','Responsable','Periodo','Observaciones','Frecuencia\r'),(17,17,'Descripcion','Formula','Fuente','URL','Responsable','Periodo','Observaciones','Frecuencia\r'),(18,18,'Descripcion','Formula','Fuente','URL','Responsable','Periodo','Observaciones','Frecuencia\r'),(19,19,'Descripcion','Formula','Fuente','URL','Responsable','Periodo','Observaciones','Frecuencia\r'),(20,20,'Descripcion','Formula','Fuente','URL','Responsable','Periodo','Observaciones','Frecuencia\r'),(21,21,'Descripcion','Formula','Fuente','URL','Responsable','Periodo','Observaciones','Frecuencia\r'),(22,22,'Descripcion','Formula','Fuente','URL','Responsable','Periodo','Observaciones','Frecuencia\r'),(23,23,'Descripcion','Formula','Fuente','URL','Responsable','Periodo','Observaciones','Frecuencia\r'),(24,24,'Descripcion','Formula','Fuente','URL','Responsable','Periodo','Observaciones','Frecuencia\r'),(25,25,'Descripcion','Formula','Fuente','URL','Responsable','Periodo','Observaciones','Frecuencia\r'),(26,26,'Descripcion','Formula','Fuente','URL','Responsable','Periodo','Observaciones','Frecuencia\r'),(27,27,'Descripcion','Formula','Fuente','URL','Responsable','Periodo','Observaciones','Frecuencia\r'),(28,28,'Descripcion','Formula','Fuente','URL','Responsable','Periodo','Observaciones','Frecuencia\r');
/*!40000 ALTER TABLE `INDICADORINFO` ENABLE KEYS */;
UNLOCK TABLES;

--
-- Table structure for table `INDICADORXASADA`
--

DROP TABLE IF EXISTS `INDICADORXASADA`;
/*!40101 SET @saved_cs_client     = @@character_set_client */;
/*!40101 SET character_set_client = utf8 */;
CREATE TABLE `INDICADORXASADA` (
  `ID` int(11) NOT NULL AUTO_INCREMENT,
  `anno` int(11) NOT NULL,
  `INDICADOR_ID` int(11) NOT NULL,
  `ASADA_ID` varchar(20) NOT NULL,
  `Valor` double(10,7) NOT NULL,
  `Texto` varchar(20) NOT NULL,
  PRIMARY KEY (`ID`),
  KEY `INDICADOR_ASADA_IND_FK` (`INDICADOR_ID`),
  KEY `INDICADOR_ASADA_ASD_FK` (`ASADA_ID`),
  CONSTRAINT `INDICADOR_ASADA_ASD_FK` FOREIGN KEY (`ASADA_ID`) REFERENCES `ASADA` (`ID`) ON DELETE CASCADE,
  CONSTRAINT `INDICADOR_ASADA_IND_FK` FOREIGN KEY (`INDICADOR_ID`) REFERENCES `INDICADOR` (`ID`) ON DELETE CASCADE
) ENGINE=InnoDB AUTO_INCREMENT=5692 DEFAULT CHARSET=utf8;
/*!40101 SET character_set_client = @saved_cs_client */;

--
-- Dumping data for table `INDICADORXASADA`
--

LOCK TABLES `INDICADORXASADA` WRITE;
/*!40000 ALTER TABLE `INDICADORXASADA` DISABLE KEYS */;
INSERT INTO `INDICADORXASADA` VALUES (1,2018,1,'5014B',1.0000000,'1'),(2,2018,2,'5014B',0.0000000,'0'),(3,2018,3,'5014B',1.0000000,'1'),(4,2018,4,'5014B',1.0000000,'1'),(5,2018,5,'5014B',0.9910000,'0.991'),(6,2018,6,'5014B',0.4070000,'0.407'),(7,2018,7,'5014B',1.0000000,'1'),(8,2018,8,'5014B',0.3300000,'0.33'),(9,2018,9,'5014B',0.9960000,'0.996'),(10,2018,10,'5014B',0.2750000,'0.275'),(11,2018,11,'5014B',1.0000000,'1'),(12,2018,12,'5014B',1.0000000,'1'),(13,2018,13,'5014B',1.0000000,'1'),(14,2018,14,'5014B',0.5400000,'0.54'),(15,2018,15,'5014B',1.0000000,'1'),(16,2018,16,'5014B',1.0000000,'1'),(17,2018,17,'5014B',0.0000000,'0'),(18,2018,18,'5014B',1.0000000,'1'),(19,2018,19,'5014B',0.0000000,'0'),(20,2018,20,'5014B',1.0000000,'1'),(21,2018,21,'5014B',1.0000000,'1'),(22,2018,22,'5014B',0.0140000,'0.014'),(23,2018,23,'5014B',0.9860000,'0.986'),(24,2018,24,'5014B',0.2400000,'0.24'),(25,2018,25,'5014B',1.0000000,'1'),(26,2018,26,'5014B',1.0000000,'1'),(27,2018,27,'5014B',1.0000000,'1'),(28,2018,28,'5014B',1.0000000,'1'),(29,2018,29,'5014B',1.0000000,'1'),(30,2018,30,'5014B',1.0000000,'1'),(31,2018,1,'5014F',0.0000000,'0'),(32,2018,2,'5014F',0.0000000,'0'),(33,2018,3,'5014F',1.0000000,'1'),(34,2018,4,'5014F',1.0000000,'1'),(35,2018,5,'5014F',0.9910000,'0.991'),(36,2018,6,'5014F',0.4070000,'0.407'),(37,2018,7,'5014F',1.0000000,'1'),(38,2018,8,'5014F',0.3300000,'0.33'),(39,2018,9,'5014F',0.9960000,'0.996'),(40,2018,10,'5014F',0.2750000,'0.275'),(41,2018,11,'5014F',1.0000000,'1'),(42,2018,12,'5014F',1.0000000,'1'),(43,2018,13,'5014F',1.0000000,'1'),(44,2018,14,'5014F',0.0550000,'0.055'),(45,2018,15,'5014F',1.0000000,'1'),(46,2018,16,'5014F',1.0000000,'1'),(47,2018,17,'5014F',1.0000000,'1'),(48,2018,18,'5014F',1.0000000,'1'),(49,2018,19,'5014F',1.0000000,'1'),(50,2018,20,'5014F',1.0000000,'1'),(51,2018,21,'5014F',1.0000000,'1'),(52,2018,22,'5014F',0.9450000,'0.945'),(53,2018,23,'5014F',0.9860000,'0.986'),(54,2018,24,'5014F',0.2400000,'0.24'),(55,2018,25,'5014F',1.0000000,'1'),(56,2018,26,'5014F',1.0000000,'1'),(57,2018,27,'5014F',1.0000000,'1'),(58,2018,28,'5014F',1.0000000,'1'),(59,2018,29,'5014F',1.0000000,'1'),(60,2018,30,'5014F',1.0000000,'1'),(61,2018,1,'5042B',0.0000000,'0'),(62,2018,2,'5042B',0.0000000,'0'),(63,2018,3,'5042B',0.0000000,'0'),(64,2018,4,'5042B',1.0000000,'1'),(65,2018,5,'5042B',0.9910000,'0.991'),(66,2018,6,'5042B',0.4070000,'0.407'),(67,2018,7,'5042B',1.0000000,'1'),(68,2018,8,'5042B',0.3300000,'0.33'),(69,2018,9,'5042B',0.9960000,'0.996'),(70,2018,10,'5042B',0.2750000,'0.275'),(71,2018,11,'5042B',0.0000000,'0'),(72,2018,12,'5042B',0.0000000,'0'),(73,2018,13,'5042B',1.0000000,'1'),(74,2018,14,'5042B',0.0060000,'0.006'),(75,2018,15,'5042B',1.0000000,'1'),(76,2018,16,'5042B',1.0000000,'1'),(77,2018,17,'5042B',0.0000000,'0'),(78,2018,18,'5042B',1.0000000,'1'),(79,2018,19,'5042B',0.0000000,'0'),(80,2018,20,'5042B',1.0000000,'1'),(81,2018,21,'5042B',1.0000000,'1'),(82,2018,22,'5042B',0.0140000,'0.014'),(83,2018,23,'5042B',0.9860000,'0.986'),(84,2018,24,'5042B',0.2800000,'0.28'),(85,2018,25,'5042B',1.0000000,'1'),(86,2018,26,'5042B',1.0000000,'1'),(87,2018,27,'5042B',1.0000000,'1'),(88,2018,28,'5042B',1.0000000,'1'),(89,2018,29,'5042B',1.0000000,'1'),(90,2018,30,'5042B',1.0000000,'1'),(91,2018,1,'5042C',0.0000000,'0'),(92,2018,2,'5042C',0.0000000,'0'),(93,2018,3,'5042C',1.0000000,'1'),(94,2018,4,'5042C',1.0000000,'1'),(95,2018,5,'5042C',0.9910000,'0.991'),(96,2018,6,'5042C',0.4070000,'0.407'),(97,2018,7,'5042C',1.0000000,'1'),(98,2018,8,'5042C',0.3300000,'0.33'),(99,2018,9,'5042C',0.9960000,'0.996'),(100,2018,10,'5042C',0.2750000,'0.275'),(101,2018,11,'5042C',1.0000000,'1'),(102,2018,12,'5042C',0.0000000,'0'),(103,2018,13,'5042C',1.0000000,'1'),(104,2018,14,'5042C',0.0180000,'0.018'),(105,2018,15,'5042C',1.0000000,'1'),(106,2018,16,'5042C',1.0000000,'1'),(107,2018,17,'5042C',1.0000000,'1'),(108,2018,18,'5042C',1.0000000,'1'),(109,2018,19,'5042C',1.0000000,'1'),(110,2018,20,'5042C',1.0000000,'1'),(111,2018,21,'5042C',1.0000000,'1'),(112,2018,22,'5042C',0.0550000,'0.055'),(113,2018,23,'5042C',0.9860000,'0.986'),(114,2018,24,'5042C',0.2800000,'0.28'),(115,2018,25,'5042C',1.0000000,'1'),(116,2018,26,'5042C',1.0000000,'1'),(117,2018,27,'5042C',1.0000000,'1'),(118,2018,28,'5042C',1.0000000,'1'),(119,2018,29,'5042C',1.0000000,'1'),(120,2018,30,'5042C',1.0000000,'1'),(121,2018,1,'5042D',0.0000000,'0'),(122,2018,2,'5042D',0.0000000,'0'),(123,2018,3,'5042D',1.0000000,'1'),(124,2018,4,'5042D',1.0000000,'1'),(125,2018,5,'5042D',0.9910000,'0.991'),(126,2018,6,'5042D',0.4070000,'0.407'),(127,2018,7,'5042D',1.0000000,'1'),(128,2018,8,'5042D',0.3300000,'0.33'),(129,2018,9,'5042D',0.9960000,'0.996'),(130,2018,10,'5042D',0.2750000,'0.275'),(131,2018,11,'5042D',1.0000000,'1'),(132,2018,12,'5042D',1.0000000,'1'),(133,2018,13,'5042D',1.0000000,'1'),(134,2018,14,'5042D',0.0000000,'0'),(135,2018,15,'5042D',1.0000000,'1'),(136,2018,16,'5042D',1.0000000,'1'),(137,2018,17,'5042D',1.0000000,'1'),(138,2018,18,'5042D',1.0000000,'1'),(139,2018,19,'5042D',0.0000000,'0'),(140,2018,20,'5042D',1.0000000,'1'),(141,2018,21,'5042D',1.0000000,'1'),(142,2018,22,'5042D',0.0550000,'0.055'),(143,2018,23,'5042D',0.9860000,'0.986'),(144,2018,24,'5042D',0.2800000,'0.28'),(145,2018,25,'5042D',1.0000000,'1'),(146,2018,26,'5042D',1.0000000,'1'),(147,2018,27,'5042D',1.0000000,'1'),(148,2018,28,'5042D',1.0000000,'1'),(149,2018,29,'5042D',1.0000000,'1'),(150,2018,30,'5042D',1.0000000,'1'),(151,2018,1,'5043A',0.0000000,'0'),(152,2018,2,'5043A',1.0000000,'1'),(153,2018,3,'5043A',0.0000000,'0'),(154,2018,4,'5043A',1.0000000,'1'),(155,2018,5,'5043A',0.9910000,'0.991'),(156,2018,6,'5043A',0.4070000,'0.407'),(157,2018,7,'5043A',1.0000000,'1'),(158,2018,8,'5043A',0.3300000,'0.33'),(159,2018,9,'5043A',0.9960000,'0.996'),(160,2018,10,'5043A',0.2750000,'0.275'),(161,2018,11,'5043A',1.0000000,'1'),(162,2018,12,'5043A',1.0000000,'1'),(163,2018,13,'5043A',0.0000000,'0'),(164,2018,14,'5043A',0.0020000,'0.002'),(165,2018,15,'5043A',1.0000000,'1'),(166,2018,16,'5043A',1.0000000,'1'),(167,2018,17,'5043A',0.0000000,'0'),(168,2018,18,'5043A',1.0000000,'1'),(169,2018,19,'5043A',0.0000000,'0'),(170,2018,20,'5043A',1.0000000,'1'),(171,2018,21,'5043A',1.0000000,'1'),(172,2018,22,'5043A',0.0550000,'0.055'),(173,2018,23,'5043A',0.9860000,'0.986'),(174,2018,24,'5043A',0.2310000,'0.231'),(175,2018,25,'5043A',1.0000000,'1'),(176,2018,26,'5043A',1.0000000,'1'),(177,2018,27,'5043A',1.0000000,'1'),(178,2018,28,'5043A',1.0000000,'1'),(179,2018,29,'5043A',1.0000000,'1'),(180,2018,30,'5043A',1.0000000,'1'),(181,2018,1,'5043B',0.0000000,'0'),(182,2018,2,'5043B',0.0000000,'0'),(183,2018,3,'5043B',1.0000000,'1'),(184,2018,4,'5043B',1.0000000,'1'),(185,2018,5,'5043B',0.9910000,'0.991'),(186,2018,6,'5043B',0.4070000,'0.407'),(187,2018,7,'5043B',1.0000000,'1'),(188,2018,8,'5043B',0.3300000,'0.33'),(189,2018,9,'5043B',0.9960000,'0.996'),(190,2018,10,'5043B',0.2750000,'0.275'),(191,2018,11,'5043B',1.0000000,'1'),(192,2018,12,'5043B',1.0000000,'1'),(193,2018,13,'5043B',1.0000000,'1'),(194,2018,14,'5043B',0.0550000,'0.055'),(195,2018,15,'5043B',1.0000000,'1'),(196,2018,16,'5043B',1.0000000,'1'),(197,2018,17,'5043B',1.0000000,'1'),(198,2018,18,'5043B',1.0000000,'1'),(199,2018,19,'5043B',0.0000000,'0'),(200,2018,20,'5043B',1.0000000,'1'),(201,2018,21,'5043B',1.0000000,'1'),(202,2018,22,'5043B',0.0140000,'0.014'),(203,2018,23,'5043B',0.9860000,'0.986'),(204,2018,24,'5043B',0.2310000,'0.231'),(205,2018,25,'5043B',1.0000000,'1'),(206,2018,26,'5043B',1.0000000,'1'),(207,2018,27,'5043B',1.0000000,'1'),(208,2018,28,'5043B',1.0000000,'1'),(209,2018,29,'5043B',1.0000000,'1'),(210,2018,30,'5043B',1.0000000,'1'),(211,2018,1,'5043D',0.0000000,'0'),(212,2018,2,'5043D',0.0000000,'0'),(213,2018,3,'5043D',1.0000000,'1'),(214,2018,4,'5043D',1.0000000,'1'),(215,2018,5,'5043D',0.9910000,'0.991'),(216,2018,6,'5043D',0.4070000,'0.407'),(217,2018,7,'5043D',1.0000000,'1'),(218,2018,8,'5043D',0.3300000,'0.33'),(219,2018,9,'5043D',0.9960000,'0.996'),(220,2018,10,'5043D',0.2750000,'0.275'),(221,2018,11,'5043D',1.0000000,'1'),(222,2018,12,'5043D',1.0000000,'1'),(223,2018,13,'5043D',1.0000000,'1'),(224,2018,14,'5043D',0.0030000,'0.003'),(225,2018,15,'5043D',1.0000000,'1'),(226,2018,16,'5043D',1.0000000,'1'),(227,2018,17,'5043D',1.0000000,'1'),(228,2018,18,'5043D',1.0000000,'1'),(229,2018,19,'5043D',0.0000000,'0'),(230,2018,20,'5043D',1.0000000,'1'),(231,2018,21,'5043D',1.0000000,'1'),(232,2018,22,'5043D',0.0550000,'0.055'),(233,2018,23,'5043D',0.9860000,'0.986'),(234,2018,24,'5043D',0.2310000,'0.231'),(235,2018,25,'5043D',1.0000000,'1'),(236,2018,26,'5043D',1.0000000,'1'),(237,2018,27,'5043D',1.0000000,'1'),(238,2018,28,'5043D',1.0000000,'1'),(239,2018,29,'5043D',1.0000000,'1'),(240,2018,30,'5043D',1.0000000,'1'),(241,2018,1,'5043E',0.0000000,'0'),(242,2018,2,'5043E',0.0000000,'0'),(243,2018,3,'5043E',1.0000000,'1'),(244,2018,4,'5043E',1.0000000,'1'),(245,2018,5,'5043E',0.9910000,'0.991'),(246,2018,6,'5043E',0.4070000,'0.407'),(247,2018,7,'5043E',1.0000000,'1'),(248,2018,8,'5043E',0.3300000,'0.33'),(249,2018,9,'5043E',0.9960000,'0.996'),(250,2018,10,'5043E',0.2750000,'0.275'),(251,2018,11,'5043E',1.0000000,'1'),(252,2018,12,'5043E',1.0000000,'1'),(253,2018,13,'5043E',1.0000000,'1'),(254,2018,14,'5043E',0.0720000,'0.072'),(255,2018,15,'5043E',1.0000000,'1'),(256,2018,16,'5043E',1.0000000,'1'),(257,2018,17,'5043E',0.0000000,'0'),(258,2018,18,'5043E',1.0000000,'1'),(259,2018,19,'5043E',1.0000000,'1'),(260,2018,20,'5043E',1.0000000,'1'),(261,2018,21,'5043E',1.0000000,'1'),(262,2018,22,'5043E',0.9450000,'0.945'),(263,2018,23,'5043E',0.9860000,'0.986'),(264,2018,24,'5043E',0.2310000,'0.231'),(265,2018,25,'5043E',1.0000000,'1'),(266,2018,26,'5043E',1.0000000,'1'),(267,2018,27,'5043E',1.0000000,'1'),(268,2018,28,'5043E',1.0000000,'1'),(269,2018,29,'5043E',1.0000000,'1'),(270,2018,30,'5043E',1.0000000,'1'),(271,2018,1,'5065A',0.0000000,'0'),(272,2018,2,'5065A',0.0000000,'0'),(273,2018,3,'5065A',1.0000000,'1'),(274,2018,4,'5065A',1.0000000,'1'),(275,2018,5,'5065A',0.9910000,'0.991'),(276,2018,6,'5065A',0.0940000,'0.094'),(277,2018,7,'5065A',1.0000000,'1'),(278,2018,8,'5065A',0.3300000,'0.33'),(279,2018,9,'5065A',0.4930000,'0.493'),(280,2018,10,'5065A',0.0180000,'0.018'),(281,2018,11,'5065A',1.0000000,'1'),(282,2018,12,'5065A',1.0000000,'1'),(283,2018,13,'5065A',1.0000000,'1'),(284,2018,14,'5065A',0.0170000,'0.017'),(285,2018,15,'5065A',1.0000000,'1'),(286,2018,16,'5065A',1.0000000,'1'),(287,2018,17,'5065A',0.0000000,'0'),(288,2018,18,'5065A',1.0000000,'1'),(289,2018,19,'5065A',0.0000000,'0'),(290,2018,20,'5065A',1.0000000,'1'),(291,2018,21,'5065A',1.0000000,'1'),(292,2018,22,'5065A',0.0140000,'0.014'),(293,2018,23,'5065A',0.9860000,'0.986'),(294,2018,24,'5065A',0.9610000,'0.961'),(295,2018,25,'5065A',1.0000000,'1'),(296,2018,26,'5065A',1.0000000,'1'),(297,2018,27,'5065A',1.0000000,'1'),(298,2018,28,'5065A',1.0000000,'1'),(299,2018,29,'5065A',1.0000000,'1'),(300,2018,30,'5065A',1.0000000,'1'),(301,2018,1,'5081A',0.0000000,'0'),(302,2018,2,'5081A',0.0000000,'0'),(303,2018,3,'5081A',1.0000000,'1'),(304,2018,4,'5081A',1.0000000,'1'),(305,2018,5,'5081A',0.9910000,'0.991'),(306,2018,6,'5081A',0.0860000,'0.086'),(307,2018,7,'5081A',0.0000000,'0'),(308,2018,8,'5081A',0.3300000,'0.33'),(309,2018,9,'5081A',0.9400000,'0.94'),(310,2018,10,'5081A',0.3170000,'0.317'),(311,2018,11,'5081A',1.0000000,'1'),(312,2018,12,'5081A',0.0000000,'0'),(313,2018,13,'5081A',1.0000000,'1'),(314,2018,14,'5081A',0.0940000,'0.094'),(315,2018,15,'5081A',1.0000000,'1'),(316,2018,16,'5081A',1.0000000,'1'),(317,2018,17,'5081A',1.0000000,'1'),(318,2018,18,'5081A',1.0000000,'1'),(319,2018,19,'5081A',0.0000000,'0'),(320,2018,20,'5081A',1.0000000,'1'),(321,2018,21,'5081A',1.0000000,'1'),(322,2018,22,'5081A',0.0550000,'0.055'),(323,2018,23,'5081A',0.9860000,'0.986'),(324,2018,24,'5081A',0.0200000,'0.02'),(325,2018,25,'5081A',0.0000000,'0'),(326,2018,26,'5081A',1.0000000,'1'),(327,2018,27,'5081A',1.0000000,'1'),(328,2018,28,'5081A',1.0000000,'1'),(329,2018,29,'5081A',1.0000000,'1'),(330,2018,30,'5081A',1.0000000,'1'),(331,2018,1,'5082C',0.0000000,'0'),(332,2018,2,'5082C',0.0000000,'0'),(333,2018,3,'5082C',0.0000000,'0'),(334,2018,4,'5082C',1.0000000,'1'),(335,2018,5,'5082C',0.9910000,'0.991'),(336,2018,6,'5082C',0.0860000,'0.086'),(337,2018,7,'5082C',0.0000000,'0'),(338,2018,8,'5082C',0.3300000,'0.33'),(339,2018,9,'5082C',0.9400000,'0.94'),(340,2018,10,'5082C',0.3170000,'0.317'),(341,2018,11,'5082C',0.0000000,'0'),(342,2018,12,'5082C',1.0000000,'1'),(343,2018,13,'5082C',1.0000000,'1'),(344,2018,14,'5082C',0.5000000,'0.5'),(345,2018,15,'5082C',1.0000000,'1'),(346,2018,16,'5082C',1.0000000,'1'),(347,2018,17,'5082C',1.0000000,'1'),(348,2018,18,'5082C',1.0000000,'1'),(349,2018,19,'5082C',0.0000000,'0'),(350,2018,20,'5082C',1.0000000,'1'),(351,2018,21,'5082C',1.0000000,'1'),(352,2018,22,'5082C',0.0140000,'0.014'),(353,2018,23,'5082C',0.9860000,'0.986'),(354,2018,24,'5082C',0.4040000,'0.404'),(355,2018,25,'5082C',0.0000000,'0'),(356,2018,26,'5082C',1.0000000,'1'),(357,2018,27,'5082C',1.0000000,'1'),(358,2018,28,'5082C',1.0000000,'1'),(359,2018,29,'5082C',1.0000000,'1'),(360,2018,30,'5082C',1.0000000,'1'),(361,2018,1,'5082D',0.0000000,'0'),(362,2018,2,'5082D',0.0000000,'0'),(363,2018,3,'5082D',1.0000000,'1'),(364,2018,4,'5082D',1.0000000,'1'),(365,2018,5,'5082D',0.9910000,'0.991'),(366,2018,6,'5082D',0.0860000,'0.086'),(367,2018,7,'5082D',0.0000000,'0'),(368,2018,8,'5082D',0.3300000,'0.33'),(369,2018,9,'5082D',0.9400000,'0.94'),(370,2018,10,'5082D',0.3170000,'0.317'),(371,2018,11,'5082D',1.0000000,'1'),(372,2018,12,'5082D',1.0000000,'1'),(373,2018,13,'5082D',1.0000000,'1'),(374,2018,14,'5082D',0.8460000,'0.846'),(375,2018,15,'5082D',1.0000000,'1'),(376,2018,16,'5082D',1.0000000,'1'),(377,2018,17,'5082D',1.0000000,'1'),(378,2018,18,'5082D',1.0000000,'1'),(379,2018,19,'5082D',0.0000000,'0'),(380,2018,20,'5082D',1.0000000,'1'),(381,2018,21,'5082D',1.0000000,'1'),(382,2018,22,'5082D',0.0550000,'0.055'),(383,2018,23,'5082D',0.9860000,'0.986'),(384,2018,24,'5082D',0.4040000,'0.404'),(385,2018,25,'5082D',0.0000000,'0'),(386,2018,26,'5082D',1.0000000,'1'),(387,2018,27,'5082D',1.0000000,'1'),(388,2018,28,'5082D',1.0000000,'1'),(389,2018,29,'5082D',1.0000000,'1'),(390,2018,30,'5082D',1.0000000,'1'),(391,2018,1,'5085C',0.0000000,'0'),(392,2018,2,'5085C',0.0000000,'0'),(393,2018,3,'5085C',1.0000000,'1'),(394,2018,4,'5085C',1.0000000,'1'),(395,2018,5,'5085C',0.9910000,'0.991'),(396,2018,6,'5085C',0.0860000,'0.086'),(397,2018,7,'5085C',0.0000000,'0'),(398,2018,8,'5085C',0.3300000,'0.33'),(399,2018,9,'5085C',0.9400000,'0.94'),(400,2018,10,'5085C',0.3170000,'0.317'),(401,2018,11,'5085C',1.0000000,'1'),(402,2018,12,'5085C',1.0000000,'1'),(403,2018,13,'5085C',1.0000000,'1'),(404,2018,14,'5085C',0.9450000,'0.945'),(405,2018,15,'5085C',1.0000000,'1'),(406,2018,16,'5085C',1.0000000,'1'),(407,2018,17,'5085C',1.0000000,'1'),(408,2018,18,'5085C',1.0000000,'1'),(409,2018,19,'5085C',0.0000000,'0'),(410,2018,20,'5085C',1.0000000,'1'),(411,2018,21,'5085C',1.0000000,'1'),(412,2018,22,'5085C',0.0140000,'0.014'),(413,2018,23,'5085C',0.9860000,'0.986'),(414,2018,24,'5085C',0.4380000,'0.438'),(415,2018,25,'5085C',0.0000000,'0'),(416,2018,26,'5085C',1.0000000,'1'),(417,2018,27,'5085C',1.0000000,'1'),(418,2018,28,'5085C',1.0000000,'1'),(419,2018,29,'5085C',1.0000000,'1'),(420,2018,30,'5085C',1.0000000,'1'),(421,2018,1,'5085D',0.0000000,'0'),(422,2018,2,'5085D',1.0000000,'1'),(423,2018,3,'5085D',1.0000000,'1'),(424,2018,4,'5085D',1.0000000,'1'),(425,2018,5,'5085D',0.9910000,'0.991'),(426,2018,6,'5085D',0.0860000,'0.086'),(427,2018,7,'5085D',0.0000000,'0'),(428,2018,8,'5085D',0.3300000,'0.33'),(429,2018,9,'5085D',0.9400000,'0.94'),(430,2018,10,'5085D',0.3170000,'0.317'),(431,2018,11,'5085D',1.0000000,'1'),(432,2018,12,'5085D',0.0000000,'0'),(433,2018,13,'5085D',1.0000000,'1'),(434,2018,14,'5085D',0.4300000,'0.43'),(435,2018,15,'5085D',1.0000000,'1'),(436,2018,16,'5085D',1.0000000,'1'),(437,2018,17,'5085D',1.0000000,'1'),(438,2018,18,'5085D',1.0000000,'1'),(439,2018,19,'5085D',0.0000000,'0'),(440,2018,20,'5085D',1.0000000,'1'),(441,2018,21,'5085D',1.0000000,'1'),(442,2018,22,'5085D',0.0140000,'0.014'),(443,2018,23,'5085D',0.9860000,'0.986'),(444,2018,24,'5085D',0.4380000,'0.438'),(445,2018,25,'5085D',0.0000000,'0'),(446,2018,26,'5085D',1.0000000,'1'),(447,2018,27,'5085D',1.0000000,'1'),(448,2018,28,'5085D',1.0000000,'1'),(449,2018,29,'5085D',1.0000000,'1'),(450,2018,30,'5085D',1.0000000,'1'),(451,2018,1,'5082E',0.0000000,'0'),(452,2018,2,'5082E',0.0000000,'0'),(453,2018,3,'5082E',1.0000000,'1'),(454,2018,4,'5082E',1.0000000,'1'),(455,2018,5,'5082E',0.9910000,'0.991'),(456,2018,6,'5082E',0.0860000,'0.086'),(457,2018,7,'5082E',0.0000000,'0'),(458,2018,8,'5082E',0.3300000,'0.33'),(459,2018,9,'5082E',0.9400000,'0.94'),(460,2018,10,'5082E',0.3170000,'0.317'),(461,2018,11,'5082E',1.0000000,'1'),(462,2018,12,'5082E',1.0000000,'1'),(463,2018,13,'5082E',1.0000000,'1'),(464,2018,14,'5082E',0.9680000,'0.968'),(465,2018,15,'5082E',1.0000000,'1'),(466,2018,16,'5082E',1.0000000,'1'),(467,2018,17,'5082E',1.0000000,'1'),(468,2018,18,'5082E',1.0000000,'1'),(469,2018,19,'5082E',1.0000000,'1'),(470,2018,20,'5082E',1.0000000,'1'),(471,2018,21,'5082E',1.0000000,'1'),(472,2018,22,'5082E',0.0550000,'0.055'),(473,2018,23,'5082E',0.9860000,'0.986'),(474,2018,24,'5082E',0.4040000,'0.404'),(475,2018,25,'5082E',0.0000000,'0'),(476,2018,26,'5082E',1.0000000,'1'),(477,2018,27,'5082E',1.0000000,'1'),(478,2018,28,'5082E',1.0000000,'1'),(479,2018,29,'5082E',1.0000000,'1'),(480,2018,30,'5082E',1.0000000,'1'),(481,2018,1,'5086A',0.0000000,'0'),(482,2018,2,'5086A',0.0000000,'0'),(483,2018,3,'5086A',1.0000000,'1'),(484,2018,4,'5086A',1.0000000,'1'),(485,2018,5,'5086A',0.9910000,'0.991'),(486,2018,6,'5086A',0.0860000,'0.086'),(487,2018,7,'5086A',0.0000000,'0'),(488,2018,8,'5086A',0.3300000,'0.33'),(489,2018,9,'5086A',0.9400000,'0.94'),(490,2018,10,'5086A',0.3170000,'0.317'),(491,2018,11,'5086A',0.0000000,'0'),(492,2018,12,'5086A',0.0000000,'0'),(493,2018,13,'5086A',1.0000000,'1'),(494,2018,14,'5086A',0.0420000,'0.042'),(495,2018,15,'5086A',1.0000000,'1'),(496,2018,16,'5086A',1.0000000,'1'),(497,2018,17,'5086A',1.0000000,'1'),(498,2018,18,'5086A',1.0000000,'1'),(499,2018,19,'5086A',0.0000000,'0'),(500,2018,20,'5086A',1.0000000,'1'),(501,2018,21,'5086A',1.0000000,'1'),(502,2018,22,'5086A',0.9450000,'0.945'),(503,2018,23,'5086A',0.9860000,'0.986'),(504,2018,24,'5086A',0.1900000,'0.19'),(505,2018,25,'5086A',0.0000000,'0'),(506,2018,26,'5086A',1.0000000,'1'),(507,2018,27,'5086A',1.0000000,'1'),(508,2018,28,'5086A',1.0000000,'1'),(509,2018,29,'5086A',1.0000000,'1'),(510,2018,30,'5086A',1.0000000,'1'),(511,2018,1,'5086B',0.0000000,'0'),(512,2018,2,'5086B',0.0000000,'0'),(513,2018,3,'5086B',1.0000000,'1'),(514,2018,4,'5086B',1.0000000,'1'),(515,2018,5,'5086B',0.9910000,'0.991'),(516,2018,6,'5086B',0.0860000,'0.086'),(517,2018,7,'5086B',0.0000000,'0'),(518,2018,8,'5086B',0.3300000,'0.33'),(519,2018,9,'5086B',0.9400000,'0.94'),(520,2018,10,'5086B',0.3170000,'0.317'),(521,2018,11,'5086B',1.0000000,'1'),(522,2018,12,'5086B',0.0000000,'0'),(523,2018,13,'5086B',1.0000000,'1'),(524,2018,14,'5086B',0.9860000,'0.986'),(525,2018,15,'5086B',1.0000000,'1'),(526,2018,16,'5086B',1.0000000,'1'),(527,2018,17,'5086B',1.0000000,'1'),(528,2018,18,'5086B',1.0000000,'1'),(529,2018,19,'5086B',0.0000000,'0'),(530,2018,20,'5086B',1.0000000,'1'),(531,2018,21,'5086B',0.0000000,'0'),(532,2018,22,'5086B',0.0550000,'0.055'),(533,2018,23,'5086B',0.9860000,'0.986'),(534,2018,24,'5086B',0.1900000,'0.19'),(535,2018,25,'5086B',0.0000000,'0'),(536,2018,26,'5086B',1.0000000,'1'),(537,2018,27,'5086B',1.0000000,'1'),(538,2018,28,'5086B',1.0000000,'1'),(539,2018,29,'5086B',1.0000000,'1'),(540,2018,30,'5086B',1.0000000,'1'),(541,2018,1,'5086C',0.0000000,'0'),(542,2018,2,'5086C',0.0000000,'0'),(543,2018,3,'5086C',1.0000000,'1'),(544,2018,4,'5086C',1.0000000,'1'),(545,2018,5,'5086C',0.9910000,'0.991'),(546,2018,6,'5086C',0.0860000,'0.086'),(547,2018,7,'5086C',0.0000000,'0'),(548,2018,8,'5086C',0.3300000,'0.33'),(549,2018,9,'5086C',0.9400000,'0.94'),(550,2018,10,'5086C',0.3170000,'0.317'),(551,2018,11,'5086C',1.0000000,'1'),(552,2018,12,'5086C',0.0000000,'0'),(553,2018,13,'5086C',1.0000000,'1'),(554,2018,14,'5086C',0.0240000,'0.024'),(555,2018,15,'5086C',1.0000000,'1'),(556,2018,16,'5086C',1.0000000,'1'),(557,2018,17,'5086C',1.0000000,'1'),(558,2018,18,'5086C',1.0000000,'1'),(559,2018,19,'5086C',0.0000000,'0'),(560,2018,20,'5086C',1.0000000,'1'),(561,2018,21,'5086C',1.0000000,'1'),(562,2018,22,'5086C',0.0140000,'0.014'),(563,2018,23,'5086C',0.9860000,'0.986'),(564,2018,24,'5086C',0.1900000,'0.19'),(565,2018,25,'5086C',0.0000000,'0'),(566,2018,26,'5086C',1.0000000,'1'),(567,2018,27,'5086C',1.0000000,'1'),(568,2018,28,'5086C',1.0000000,'1'),(569,2018,29,'5086C',1.0000000,'1'),(570,2018,30,'5086C',1.0000000,'1'),(571,2018,1,'5083C',0.0000000,'0'),(572,2018,2,'5083C',0.0000000,'0'),(573,2018,3,'5083C',1.0000000,'1'),(574,2018,4,'5083C',1.0000000,'1'),(575,2018,5,'5083C',0.9910000,'0.991'),(576,2018,6,'5083C',0.0860000,'0.086'),(577,2018,7,'5083C',0.0000000,'0'),(578,2018,8,'5083C',0.3300000,'0.33'),(579,2018,9,'5083C',0.9400000,'0.94'),(580,2018,10,'5083C',0.3170000,'0.317'),(581,2018,11,'5083C',1.0000000,'1'),(582,2018,12,'5083C',0.0000000,'0'),(583,2018,13,'5083C',1.0000000,'1'),(584,2018,14,'5083C',0.5000000,'0.5'),(585,2018,15,'5083C',1.0000000,'1'),(586,2018,16,'5083C',1.0000000,'1'),(587,2018,17,'5083C',1.0000000,'1'),(588,2018,18,'5083C',1.0000000,'1'),(589,2018,19,'5083C',0.0000000,'0'),(590,2018,20,'5083C',1.0000000,'1'),(591,2018,21,'5083C',1.0000000,'1'),(592,2018,22,'5083C',0.0550000,'0.055'),(593,2018,23,'5083C',0.9860000,'0.986'),(594,2018,24,'5083C',0.0920000,'0.092'),(595,2018,25,'5083C',1.0000000,'1'),(596,2018,26,'5083C',1.0000000,'1'),(597,2018,27,'5083C',1.0000000,'1'),(598,2018,28,'5083C',1.0000000,'1'),(599,2018,29,'5083C',1.0000000,'1'),(600,2018,30,'5083C',1.0000000,'1'),(601,2018,1,'5082F',0.0000000,'0'),(602,2018,2,'5082F',1.0000000,'1'),(603,2018,3,'5082F',1.0000000,'1'),(604,2018,4,'5082F',1.0000000,'1'),(605,2018,5,'5082F',0.9910000,'0.991'),(606,2018,6,'5082F',0.0860000,'0.086'),(607,2018,7,'5082F',0.0000000,'0'),(608,2018,8,'5082F',0.3300000,'0.33'),(609,2018,9,'5082F',0.9400000,'0.94'),(610,2018,10,'5082F',0.3170000,'0.317'),(611,2018,11,'5082F',1.0000000,'1'),(612,2018,12,'5082F',1.0000000,'1'),(613,2018,13,'5082F',1.0000000,'1'),(614,2018,14,'5082F',0.1210000,'0.121'),(615,2018,15,'5082F',1.0000000,'1'),(616,2018,16,'5082F',1.0000000,'1'),(617,2018,17,'5082F',1.0000000,'1'),(618,2018,18,'5082F',1.0000000,'1'),(619,2018,19,'5082F',0.0000000,'0'),(620,2018,20,'5082F',1.0000000,'1'),(621,2018,21,'5082F',1.0000000,'1'),(622,2018,22,'5082F',0.9450000,'0.945'),(623,2018,23,'5082F',0.9860000,'0.986'),(624,2018,24,'5082F',0.4040000,'0.404'),(625,2018,25,'5082F',0.0000000,'0'),(626,2018,26,'5082F',1.0000000,'1'),(627,2018,27,'5082F',1.0000000,'1'),(628,2018,28,'5082F',1.0000000,'1'),(629,2018,29,'5082F',1.0000000,'1'),(630,2018,30,'5082F',1.0000000,'1'),(631,2018,1,'5082G',0.0000000,'0'),(632,2018,2,'5082G',0.0000000,'0'),(633,2018,3,'5082G',1.0000000,'1'),(634,2018,4,'5082G',1.0000000,'1'),(635,2018,5,'5082G',0.9910000,'0.991'),(636,2018,6,'5082G',0.0860000,'0.086'),(637,2018,7,'5082G',0.0000000,'0'),(638,2018,8,'5082G',0.3300000,'0.33'),(639,2018,9,'5082G',0.9400000,'0.94'),(640,2018,10,'5082G',0.3170000,'0.317'),(641,2018,11,'5082G',1.0000000,'1'),(642,2018,12,'5082G',0.0000000,'0'),(643,2018,13,'5082G',1.0000000,'1'),(644,2018,14,'5082G',0.0140000,'0.014'),(645,2018,15,'5082G',1.0000000,'1'),(646,2018,16,'5082G',1.0000000,'1'),(647,2018,17,'5082G',0.0000000,'0'),(648,2018,18,'5082G',1.0000000,'1'),(649,2018,19,'5082G',1.0000000,'1'),(650,2018,20,'5082G',1.0000000,'1'),(651,2018,21,'5082G',1.0000000,'1'),(652,2018,22,'5082G',0.0140000,'0.014'),(653,2018,23,'5082G',0.9860000,'0.986'),(654,2018,24,'5082G',0.4040000,'0.404'),(655,2018,25,'5082G',0.0000000,'0'),(656,2018,26,'5082G',1.0000000,'1'),(657,2018,27,'5082G',1.0000000,'1'),(658,2018,28,'5082G',1.0000000,'1'),(659,2018,29,'5082G',1.0000000,'1'),(660,2018,30,'5082G',1.0000000,'1'),(661,2018,1,'20212A',0.0000000,'0'),(662,2018,2,'20212A',0.0000000,'0'),(663,2018,3,'20212A',1.0000000,'1'),(664,2018,4,'20212A',1.0000000,'1'),(665,2018,5,'20212A',0.9910000,'0.991'),(666,2018,6,'20212A',0.0350000,'0.035'),(667,2018,7,'20212A',1.0000000,'1'),(668,2018,8,'20212A',0.5000000,'0.5'),(669,2018,9,'20212A',0.9960000,'0.996'),(670,2018,10,'20212A',0.6730000,'0.673'),(671,2018,11,'20212A',0.0000000,'0'),(672,2018,12,'20212A',1.0000000,'1'),(673,2018,13,'20212A',1.0000000,'1'),(674,2018,14,'20212A',0.6380000,'0.638'),(675,2018,15,'20212A',1.0000000,'1'),(676,2018,16,'20212A',1.0000000,'1'),(677,2018,17,'20212A',1.0000000,'1'),(678,2018,18,'20212A',1.0000000,'1'),(679,2018,19,'20212A',1.0000000,'1'),(680,2018,20,'20212A',1.0000000,'1'),(681,2018,21,'20212A',1.0000000,'1'),(682,2018,22,'20212A',0.0550000,'0.055'),(683,2018,23,'20212A',0.9860000,'0.986'),(684,2018,24,'20212A',0.6310000,'0.631'),(685,2018,25,'20212A',0.0000000,'0'),(686,2018,26,'20212A',1.0000000,'1'),(687,2018,27,'20212A',1.0000000,'1'),(688,2018,28,'20212A',1.0000000,'1'),(689,2018,29,'20212A',1.0000000,'1'),(690,2018,30,'20212A',1.0000000,'1'),(691,2018,1,'5014C',0.0000000,'0'),(692,2018,2,'5014C',0.0000000,'0'),(693,2018,3,'5014C',1.0000000,'1'),(694,2018,4,'5014C',1.0000000,'1'),(695,2018,5,'5014C',0.9910000,'0.991'),(696,2018,6,'5014C',0.4070000,'0.407'),(697,2018,7,'5014C',1.0000000,'1'),(698,2018,8,'5014C',0.3300000,'0.33'),(699,2018,9,'5014C',0.9960000,'0.996'),(700,2018,10,'5014C',0.2750000,'0.275'),(701,2018,11,'5014C',1.0000000,'1'),(702,2018,12,'5014C',0.0000000,'0'),(703,2018,13,'5014C',1.0000000,'1'),(704,2018,14,'5014C',0.1210000,'0.121'),(705,2018,15,'5014C',1.0000000,'1'),(706,2018,16,'5014C',1.0000000,'1'),(707,2018,17,'5014C',0.0000000,'0'),(708,2018,18,'5014C',1.0000000,'1'),(709,2018,19,'5014C',0.0000000,'0'),(710,2018,20,'5014C',1.0000000,'1'),(711,2018,21,'5014C',1.0000000,'1'),(712,2018,22,'5014C',0.0140000,'0.014'),(713,2018,23,'5014C',0.9860000,'0.986'),(714,2018,24,'5014C',0.2400000,'0.24'),(715,2018,25,'5014C',1.0000000,'1'),(716,2018,26,'5014C',1.0000000,'1'),(717,2018,27,'5014C',1.0000000,'1'),(718,2018,28,'5014C',1.0000000,'1'),(719,2018,29,'5014C',1.0000000,'1'),(720,2018,30,'5014C',1.0000000,'1'),(721,2018,1,'5014D',0.0000000,'0'),(722,2018,2,'5014D',1.0000000,'1'),(723,2018,3,'5014D',1.0000000,'1'),(724,2018,4,'5014D',1.0000000,'1'),(725,2018,5,'5014D',0.9910000,'0.991'),(726,2018,6,'5014D',0.4070000,'0.407'),(727,2018,7,'5014D',1.0000000,'1'),(728,2018,8,'5014D',0.3300000,'0.33'),(729,2018,9,'5014D',0.9960000,'0.996'),(730,2018,10,'5014D',0.2750000,'0.275'),(731,2018,11,'5014D',1.0000000,'1'),(732,2018,12,'5014D',0.0000000,'0'),(733,2018,13,'5014D',1.0000000,'1'),(734,2018,14,'5014D',0.9950000,'0.995'),(735,2018,15,'5014D',1.0000000,'1'),(736,2018,16,'5014D',1.0000000,'1'),(737,2018,17,'5014D',0.0000000,'0'),(738,2018,18,'5014D',1.0000000,'1'),(739,2018,19,'5014D',0.0000000,'0'),(740,2018,20,'5014D',1.0000000,'1'),(741,2018,21,'5014D',1.0000000,'1'),(742,2018,22,'5014D',0.0550000,'0.055'),(743,2018,23,'5014D',0.9860000,'0.986'),(744,2018,24,'5014D',0.2400000,'0.24'),(745,2018,25,'5014D',1.0000000,'1'),(746,2018,26,'5014D',1.0000000,'1'),(747,2018,27,'5014D',1.0000000,'1'),(748,2018,28,'5014D',1.0000000,'1'),(749,2018,29,'5014D',1.0000000,'1'),(750,2018,30,'5014D',1.0000000,'1'),(751,2018,1,'5014E',0.0000000,'0'),(752,2018,2,'5014E',1.0000000,'1'),(753,2018,3,'5014E',1.0000000,'1'),(754,2018,4,'5014E',1.0000000,'1'),(755,2018,5,'5014E',0.9910000,'0.991'),(756,2018,6,'5014E',0.4070000,'0.407'),(757,2018,7,'5014E',1.0000000,'1'),(758,2018,8,'5014E',0.3300000,'0.33'),(759,2018,9,'5014E',0.9960000,'0.996'),(760,2018,10,'5014E',0.2750000,'0.275'),(761,2018,11,'5014E',1.0000000,'1'),(762,2018,12,'5014E',0.0000000,'0'),(763,2018,13,'5014E',1.0000000,'1'),(764,2018,14,'5014E',0.0280000,'0.028'),(765,2018,15,'5014E',1.0000000,'1'),(766,2018,16,'5014E',1.0000000,'1'),(767,2018,17,'5014E',0.0000000,'0'),(768,2018,18,'5014E',1.0000000,'1'),(769,2018,19,'5014E',0.0000000,'0'),(770,2018,20,'5014E',1.0000000,'1'),(771,2018,21,'5014E',1.0000000,'1'),(772,2018,22,'5014E',0.9450000,'0.945'),(773,2018,23,'5014E',0.9860000,'0.986'),(774,2018,24,'5014E',0.2400000,'0.24'),(775,2018,25,'5014E',1.0000000,'1'),(776,2018,26,'5014E',1.0000000,'1'),(777,2018,27,'5014E',1.0000000,'1'),(778,2018,28,'5014E',1.0000000,'1'),(779,2018,29,'5014E',1.0000000,'1'),(780,2018,30,'5014E',1.0000000,'1'),(781,2018,1,'5042A',0.0000000,'0'),(782,2018,2,'5042A',0.0000000,'0'),(783,2018,3,'5042A',1.0000000,'1'),(784,2018,4,'5042A',1.0000000,'1'),(785,2018,5,'5042A',0.9910000,'0.991'),(786,2018,6,'5042A',0.4070000,'0.407'),(787,2018,7,'5042A',1.0000000,'1'),(788,2018,8,'5042A',0.3300000,'0.33'),(789,2018,9,'5042A',0.9960000,'0.996'),(790,2018,10,'5042A',0.2750000,'0.275'),(791,2018,11,'5042A',1.0000000,'1'),(792,2018,12,'5042A',0.0000000,'0'),(793,2018,13,'5042A',1.0000000,'1'),(794,2018,14,'5042A',0.0180000,'0.018'),(795,2018,15,'5042A',1.0000000,'1'),(796,2018,16,'5042A',1.0000000,'1'),(797,2018,17,'5042A',0.0000000,'0'),(798,2018,18,'5042A',1.0000000,'1'),(799,2018,19,'5042A',1.0000000,'1'),(800,2018,20,'5042A',1.0000000,'1'),(801,2018,21,'5042A',1.0000000,'1'),(802,2018,22,'5042A',0.0140000,'0.014'),(803,2018,23,'5042A',0.9860000,'0.986'),(804,2018,24,'5042A',0.2800000,'0.28'),(805,2018,25,'5042A',1.0000000,'1'),(806,2018,26,'5042A',1.0000000,'1'),(807,2018,27,'5042A',1.0000000,'1'),(808,2018,28,'5042A',1.0000000,'1'),(809,2018,29,'5042A',1.0000000,'1'),(810,2018,30,'5042A',1.0000000,'1'),(811,2018,1,'5044A',0.0000000,'0'),(812,2018,2,'5044A',1.0000000,'1'),(813,2018,3,'5044A',1.0000000,'1'),(814,2018,4,'5044A',1.0000000,'1'),(815,2018,5,'5044A',0.9910000,'0.991'),(816,2018,6,'5044A',0.4070000,'0.407'),(817,2018,7,'5044A',1.0000000,'1'),(818,2018,8,'5044A',0.3300000,'0.33'),(819,2018,9,'5044A',0.9960000,'0.996'),(820,2018,10,'5044A',0.2750000,'0.275'),(821,2018,11,'5044A',1.0000000,'1'),(822,2018,12,'5044A',1.0000000,'1'),(823,2018,13,'5044A',1.0000000,'1'),(824,2018,14,'5044A',0.0030000,'0.003'),(825,2018,15,'5044A',1.0000000,'1'),(826,2018,16,'5044A',1.0000000,'1'),(827,2018,17,'5044A',1.0000000,'1'),(828,2018,18,'5044A',1.0000000,'1'),(829,2018,19,'5044A',1.0000000,'1'),(830,2018,20,'5044A',1.0000000,'1'),(831,2018,21,'5044A',1.0000000,'1'),(832,2018,22,'5044A',0.0140000,'0.014'),(833,2018,23,'5044A',0.9860000,'0.986'),(834,2018,24,'5044A',0.1660000,'0.166'),(835,2018,25,'5044A',1.0000000,'1'),(836,2018,26,'5044A',1.0000000,'1'),(837,2018,27,'5044A',1.0000000,'1'),(838,2018,28,'5044A',1.0000000,'1'),(839,2018,29,'5044A',1.0000000,'1'),(840,2018,30,'5044A',1.0000000,'1'),(841,2018,1,'5043C',0.0000000,'0'),(842,2018,2,'5043C',0.0000000,'0'),(843,2018,3,'5043C',1.0000000,'1'),(844,2018,4,'5043C',1.0000000,'1'),(845,2018,5,'5043C',0.9910000,'0.991'),(846,2018,6,'5043C',0.4070000,'0.407'),(847,2018,7,'5043C',1.0000000,'1'),(848,2018,8,'5043C',0.3300000,'0.33'),(849,2018,9,'5043C',0.9960000,'0.996'),(850,2018,10,'5043C',0.2750000,'0.275'),(851,2018,11,'5043C',1.0000000,'1'),(852,2018,12,'5043C',1.0000000,'1'),(853,2018,13,'5043C',1.0000000,'1'),(854,2018,14,'5043C',0.0550000,'0.055'),(855,2018,15,'5043C',1.0000000,'1'),(856,2018,16,'5043C',1.0000000,'1'),(857,2018,17,'5043C',1.0000000,'1'),(858,2018,18,'5043C',1.0000000,'1'),(859,2018,19,'5043C',1.0000000,'1'),(860,2018,20,'5043C',1.0000000,'1'),(861,2018,21,'5043C',1.0000000,'1'),(862,2018,22,'5043C',0.0140000,'0.014'),(863,2018,23,'5043C',0.9860000,'0.986'),(864,2018,24,'5043C',0.2310000,'0.231'),(865,2018,25,'5043C',1.0000000,'1'),(866,2018,26,'5043C',1.0000000,'1'),(867,2018,27,'5043C',1.0000000,'1'),(868,2018,28,'5043C',1.0000000,'1'),(869,2018,29,'5043C',1.0000000,'1'),(870,2018,30,'5043C',1.0000000,'1'),(871,2018,1,'5043F',0.0000000,'0'),(872,2018,2,'5043F',0.0000000,'0'),(873,2018,3,'5043F',1.0000000,'1'),(874,2018,4,'5043F',1.0000000,'1'),(875,2018,5,'5043F',0.9910000,'0.991'),(876,2018,6,'5043F',0.4070000,'0.407'),(877,2018,7,'5043F',1.0000000,'1'),(878,2018,8,'5043F',0.3300000,'0.33'),(879,2018,9,'5043F',0.9960000,'0.996'),(880,2018,10,'5043F',0.2750000,'0.275'),(881,2018,11,'5043F',0.0000000,'0'),(882,2018,12,'5043F',1.0000000,'1'),(883,2018,13,'5043F',1.0000000,'1'),(884,2018,14,'5043F',0.0320000,'0.032'),(885,2018,15,'5043F',1.0000000,'1'),(886,2018,16,'5043F',1.0000000,'1'),(887,2018,17,'5043F',1.0000000,'1'),(888,2018,18,'5043F',1.0000000,'1'),(889,2018,19,'5043F',0.0000000,'0'),(890,2018,20,'5043F',1.0000000,'1'),(891,2018,21,'5043F',1.0000000,'1'),(892,2018,22,'5043F',0.0140000,'0.014'),(893,2018,23,'5043F',0.9860000,'0.986'),(894,2018,24,'5043F',0.2310000,'0.231'),(895,2018,25,'5043F',1.0000000,'1'),(896,2018,26,'5043F',1.0000000,'1'),(897,2018,27,'5043F',1.0000000,'1'),(898,2018,28,'5043F',1.0000000,'1'),(899,2018,29,'5043F',1.0000000,'1'),(900,2018,30,'5043F',1.0000000,'1'),(901,2018,1,'5061A',0.0000000,'0'),(902,2018,2,'5061A',0.0000000,'0'),(903,2018,3,'5061A',1.0000000,'1'),(904,2018,4,'5061A',1.0000000,'1'),(905,2018,5,'5061A',0.9910000,'0.991'),(906,2018,6,'5061A',0.0940000,'0.094'),(907,2018,7,'5061A',1.0000000,'1'),(908,2018,8,'5061A',0.3300000,'0.33'),(909,2018,9,'5061A',0.4930000,'0.493'),(910,2018,10,'5061A',0.0180000,'0.018'),(911,2018,11,'5061A',1.0000000,'1'),(912,2018,12,'5061A',1.0000000,'1'),(913,2018,13,'5061A',1.0000000,'1'),(914,2018,14,'5061A',0.0140000,'0.014'),(915,2018,15,'5061A',1.0000000,'1'),(916,2018,16,'5061A',1.0000000,'1'),(917,2018,17,'5061A',1.0000000,'1'),(918,2018,18,'5061A',1.0000000,'1'),(919,2018,19,'5061A',0.0000000,'0'),(920,2018,20,'5061A',1.0000000,'1'),(921,2018,21,'5061A',1.0000000,'1'),(922,2018,22,'5061A',0.0550000,'0.055'),(923,2018,23,'5061A',0.9860000,'0.986'),(924,2018,24,'5061A',0.1120000,'0.112'),(925,2018,25,'5061A',1.0000000,'1'),(926,2018,26,'5061A',1.0000000,'1'),(927,2018,27,'5061A',1.0000000,'1'),(928,2018,28,'5061A',1.0000000,'1'),(929,2018,29,'5061A',1.0000000,'1'),(930,2018,30,'5061A',1.0000000,'1'),(931,2018,1,'5061B',0.0000000,'0'),(932,2018,2,'5061B',1.0000000,'1'),(933,2018,3,'5061B',1.0000000,'1'),(934,2018,4,'5061B',1.0000000,'1'),(935,2018,5,'5061B',0.9910000,'0.991'),(936,2018,6,'5061B',0.0940000,'0.094'),(937,2018,7,'5061B',1.0000000,'1'),(938,2018,8,'5061B',0.5000000,'0.5'),(939,2018,9,'5061B',0.4930000,'0.493'),(940,2018,10,'5061B',0.0180000,'0.018'),(941,2018,11,'5061B',1.0000000,'1'),(942,2018,12,'5061B',1.0000000,'1'),(943,2018,13,'5061B',1.0000000,'1'),(944,2018,14,'5061B',0.5000000,'0.5'),(945,2018,15,'5061B',1.0000000,'1'),(946,2018,16,'5061B',1.0000000,'1'),(947,2018,17,'5061B',1.0000000,'1'),(948,2018,18,'5061B',1.0000000,'1'),(949,2018,19,'5061B',1.0000000,'1'),(950,2018,20,'5061B',1.0000000,'1'),(951,2018,21,'5061B',1.0000000,'1'),(952,2018,22,'5061B',0.9450000,'0.945'),(953,2018,23,'5061B',0.9860000,'0.986'),(954,2018,24,'5061B',0.1120000,'0.112'),(955,2018,25,'5061B',1.0000000,'1'),(956,2018,26,'5061B',1.0000000,'1'),(957,2018,27,'5061B',1.0000000,'1'),(958,2018,28,'5061B',1.0000000,'1'),(959,2018,29,'5061B',1.0000000,'1'),(960,2018,30,'5061B',1.0000000,'1'),(961,2018,1,'5074B',0.0000000,'0'),(962,2018,2,'5074B',1.0000000,'1'),(963,2018,3,'5074B',1.0000000,'1'),(964,2018,4,'5074B',1.0000000,'1'),(965,2018,5,'5074B',0.0090000,'0.009'),(966,2018,6,'5074B',0.0510000,'0.051'),(967,2018,7,'5074B',0.0000000,'0'),(968,2018,8,'5074B',0.3300000,'0.33'),(969,2018,9,'5074B',0.9960000,'0.996'),(970,2018,10,'5074B',0.0050000,'0.005'),(971,2018,11,'5074B',1.0000000,'1'),(972,2018,12,'5074B',0.0000000,'0'),(973,2018,13,'5074B',0.0000000,'0'),(974,2018,14,'5074B',0.0110000,'0.011'),(975,2018,15,'5074B',1.0000000,'1'),(976,2018,16,'5074B',1.0000000,'1'),(977,2018,17,'5074B',0.0000000,'0'),(978,2018,18,'5074B',1.0000000,'1'),(979,2018,19,'5074B',0.0000000,'0'),(980,2018,20,'5074B',1.0000000,'1'),(981,2018,21,'5074B',1.0000000,'1'),(982,2018,22,'5074B',0.0140000,'0.014'),(983,2018,23,'5074B',0.9860000,'0.986'),(984,2018,24,'5074B',0.1410000,'0.141'),(985,2018,25,'5074B',1.0000000,'1'),(986,2018,26,'5074B',0.0000000,'0'),(987,2018,27,'5074B',1.0000000,'1'),(988,2018,28,'5074B',1.0000000,'1'),(989,2018,29,'5074B',0.0000000,'0'),(990,2018,30,'5074B',1.0000000,'1'),(991,2018,1,'5072A',0.0000000,'0'),(992,2018,2,'5072A',0.0000000,'0'),(993,2018,3,'5072A',1.0000000,'1'),(994,2018,4,'5072A',1.0000000,'1'),(995,2018,5,'5072A',0.9910000,'0.991'),(996,2018,6,'5072A',0.0510000,'0.051'),(997,2018,7,'5072A',0.0000000,'0'),(998,2018,8,'5072A',0.3300000,'0.33'),(999,2018,9,'5072A',0.9960000,'0.996'),(1000,2018,10,'5072A',0.0050000,'0.005'),(1001,2018,11,'5072A',1.0000000,'1'),(1002,2018,12,'5072A',1.0000000,'1'),(1003,2018,13,'5072A',1.0000000,'1'),(1004,2018,14,'5072A',0.0030000,'0.003'),(1005,2018,15,'5072A',1.0000000,'1'),(1006,2018,16,'5072A',1.0000000,'1'),(1007,2018,17,'5072A',1.0000000,'1'),(1008,2018,18,'5072A',1.0000000,'1'),(1009,2018,19,'5072A',1.0000000,'1'),(1010,2018,20,'5072A',1.0000000,'1'),(1011,2018,21,'5072A',1.0000000,'1'),(1012,2018,22,'5072A',0.0140000,'0.014'),(1013,2018,23,'5072A',0.9860000,'0.986'),(1014,2018,24,'5072A',0.4510000,'0.451'),(1015,2018,25,'5072A',0.0000000,'0'),(1016,2018,26,'5072A',1.0000000,'1'),(1017,2018,27,'5072A',1.0000000,'1'),(1018,2018,28,'5072A',1.0000000,'1'),(1019,2018,29,'5072A',0.0000000,'0'),(1020,2018,30,'5072A',1.0000000,'1'),(1021,2018,1,'5072D',0.0000000,'0'),(1022,2018,2,'5072D',0.0000000,'0'),(1023,2018,3,'5072D',1.0000000,'1'),(1024,2018,4,'5072D',1.0000000,'1'),(1025,2018,5,'5072D',0.9910000,'0.991'),(1026,2018,6,'5072D',0.0510000,'0.051'),(1027,2018,7,'5072D',0.0000000,'0'),(1028,2018,8,'5072D',0.3300000,'0.33'),(1029,2018,9,'5072D',0.9960000,'0.996'),(1030,2018,10,'5072D',0.0050000,'0.005'),(1031,2018,11,'5072D',1.0000000,'1'),(1032,2018,12,'5072D',1.0000000,'1'),(1033,2018,13,'5072D',1.0000000,'1'),(1034,2018,14,'5072D',0.0720000,'0.072'),(1035,2018,15,'5072D',1.0000000,'1'),(1036,2018,16,'5072D',1.0000000,'1'),(1037,2018,17,'5072D',1.0000000,'1'),(1038,2018,18,'5072D',1.0000000,'1'),(1039,2018,19,'5072D',1.0000000,'1'),(1040,2018,20,'5072D',1.0000000,'1'),(1041,2018,21,'5072D',1.0000000,'1'),(1042,2018,22,'5072D',0.0550000,'0.055'),(1043,2018,23,'5072D',0.9860000,'0.986'),(1044,2018,24,'5072D',0.4510000,'0.451'),(1045,2018,25,'5072D',0.0000000,'0'),(1046,2018,26,'5072D',1.0000000,'1'),(1047,2018,27,'5072D',1.0000000,'1'),(1048,2018,28,'5072D',1.0000000,'1'),(1049,2018,29,'5072D',0.0000000,'0'),(1050,2018,30,'5072D',1.0000000,'1'),(1051,2018,1,'5073A',0.0000000,'0'),(1052,2018,2,'5073A',0.0000000,'0'),(1053,2018,3,'5073A',1.0000000,'1'),(1054,2018,4,'5073A',1.0000000,'1'),(1055,2018,5,'5073A',0.9910000,'0.991'),(1056,2018,6,'5073A',0.0510000,'0.051'),(1057,2018,7,'5073A',0.0000000,'0'),(1058,2018,8,'5073A',0.3300000,'0.33'),(1059,2018,9,'5073A',0.9960000,'0.996'),(1060,2018,10,'5073A',0.0050000,'0.005'),(1061,2018,11,'5073A',1.0000000,'1'),(1062,2018,12,'5073A',1.0000000,'1'),(1063,2018,13,'5073A',1.0000000,'1'),(1064,2018,14,'5073A',0.0060000,'0.006'),(1065,2018,15,'5073A',1.0000000,'1'),(1066,2018,16,'5073A',1.0000000,'1'),(1067,2018,17,'5073A',0.0000000,'0'),(1068,2018,18,'5073A',1.0000000,'1'),(1069,2018,19,'5073A',1.0000000,'1'),(1070,2018,20,'5073A',1.0000000,'1'),(1071,2018,21,'5073A',1.0000000,'1'),(1072,2018,22,'5073A',0.0550000,'0.055'),(1073,2018,23,'5073A',0.9860000,'0.986'),(1074,2018,24,'5073A',0.2460000,'0.246'),(1075,2018,25,'5073A',0.0000000,'0'),(1076,2018,26,'5073A',1.0000000,'1'),(1077,2018,27,'5073A',1.0000000,'1'),(1078,2018,28,'5073A',1.0000000,'1'),(1079,2018,29,'5073A',0.0000000,'0'),(1080,2018,30,'5073A',1.0000000,'1'),(1081,2018,1,'5072H',0.0000000,'0'),(1082,2018,2,'5072H',0.0000000,'0'),(1083,2018,3,'5072H',1.0000000,'1'),(1084,2018,4,'5072H',1.0000000,'1'),(1085,2018,5,'5072H',0.9910000,'0.991'),(1086,2018,6,'5072H',0.0510000,'0.051'),(1087,2018,7,'5072H',0.0000000,'0'),(1088,2018,8,'5072H',0.3300000,'0.33'),(1089,2018,9,'5072H',0.9960000,'0.996'),(1090,2018,10,'5072H',0.0050000,'0.005'),(1091,2018,11,'5072H',1.0000000,'1'),(1092,2018,12,'5072H',1.0000000,'1'),(1093,2018,13,'5072H',1.0000000,'1'),(1094,2018,14,'5072H',0.0580000,'0.058'),(1095,2018,15,'5072H',1.0000000,'1'),(1096,2018,16,'5072H',1.0000000,'1'),(1097,2018,17,'5072H',0.0000000,'0'),(1098,2018,18,'5072H',1.0000000,'1'),(1099,2018,19,'5072H',0.0000000,'0'),(1100,2018,20,'5072H',1.0000000,'1'),(1101,2018,21,'5072H',1.0000000,'1'),(1102,2018,22,'5072H',0.0140000,'0.014'),(1103,2018,23,'5072H',0.9860000,'0.986'),(1104,2018,24,'5072H',0.4510000,'0.451'),(1105,2018,25,'5072H',0.0000000,'0'),(1106,2018,26,'5072H',1.0000000,'1'),(1107,2018,27,'5072H',1.0000000,'1'),(1108,2018,28,'5072H',1.0000000,'1'),(1109,2018,29,'5072H',0.0000000,'0'),(1110,2018,30,'5072H',1.0000000,'1'),(1111,2018,1,'5074C',0.0000000,'0'),(1112,2018,2,'5074C',0.0000000,'0'),(1113,2018,3,'5074C',1.0000000,'1'),(1114,2018,4,'5074C',1.0000000,'1'),(1115,2018,5,'5074C',0.9910000,'0.991'),(1116,2018,6,'5074C',0.0510000,'0.051'),(1117,2018,7,'5074C',0.0000000,'0'),(1118,2018,8,'5074C',0.3300000,'0.33'),(1119,2018,9,'5074C',0.9960000,'0.996'),(1120,2018,10,'5074C',0.0050000,'0.005'),(1121,2018,11,'5074C',1.0000000,'1'),(1122,2018,12,'5074C',1.0000000,'1'),(1123,2018,13,'5074C',1.0000000,'1'),(1124,2018,14,'5074C',0.7570000,'0.757'),(1125,2018,15,'5074C',1.0000000,'1'),(1126,2018,16,'5074C',1.0000000,'1'),(1127,2018,17,'5074C',0.0000000,'0'),(1128,2018,18,'5074C',1.0000000,'1'),(1129,2018,19,'5074C',0.0000000,'0'),(1130,2018,20,'5074C',1.0000000,'1'),(1131,2018,21,'5074C',1.0000000,'1'),(1132,2018,22,'5074C',0.0140000,'0.014'),(1133,2018,23,'5074C',0.9860000,'0.986'),(1134,2018,24,'5074C',0.1410000,'0.141'),(1135,2018,25,'5074C',1.0000000,'1'),(1136,2018,26,'5074C',1.0000000,'1'),(1137,2018,27,'5074C',1.0000000,'1'),(1138,2018,28,'5074C',1.0000000,'1'),(1139,2018,29,'5074C',0.0000000,'0'),(1140,2018,30,'5074C',1.0000000,'1'),(1141,2018,1,'5085B',0.0000000,'0'),(1142,2018,2,'5085B',0.0000000,'0'),(1143,2018,3,'5085B',1.0000000,'1'),(1144,2018,4,'5085B',1.0000000,'1'),(1145,2018,5,'5085B',0.9910000,'0.991'),(1146,2018,6,'5085B',0.0860000,'0.086'),(1147,2018,7,'5085B',0.0000000,'0'),(1148,2018,8,'5085B',0.3300000,'0.33'),(1149,2018,9,'5085B',0.9400000,'0.94'),(1150,2018,10,'5085B',0.3170000,'0.317'),(1151,2018,11,'5085B',1.0000000,'1'),(1152,2018,12,'5085B',1.0000000,'1'),(1153,2018,13,'5085B',1.0000000,'1'),(1154,2018,14,'5085B',0.0180000,'0.018'),(1155,2018,15,'5085B',1.0000000,'1'),(1156,2018,16,'5085B',1.0000000,'1'),(1157,2018,17,'5085B',1.0000000,'1'),(1158,2018,18,'5085B',1.0000000,'1'),(1159,2018,19,'5085B',1.0000000,'1'),(1160,2018,20,'5085B',1.0000000,'1'),(1161,2018,21,'5085B',1.0000000,'1'),(1162,2018,22,'5085B',0.9450000,'0.945'),(1163,2018,23,'5085B',0.9860000,'0.986'),(1164,2018,24,'5085B',0.4380000,'0.438'),(1165,2018,25,'5085B',0.0000000,'0'),(1166,2018,26,'5085B',1.0000000,'1'),(1167,2018,27,'5085B',1.0000000,'1'),(1168,2018,28,'5085B',1.0000000,'1'),(1169,2018,29,'5085B',1.0000000,'1'),(1170,2018,30,'5085B',1.0000000,'1'),(1171,2018,1,'5087A',0.0000000,'0'),(1172,2018,2,'5087A',0.0000000,'0'),(1173,2018,3,'5087A',1.0000000,'1'),(1174,2018,4,'5087A',1.0000000,'1'),(1175,2018,5,'5087A',0.9910000,'0.991'),(1176,2018,6,'5087A',0.0860000,'0.086'),(1177,2018,7,'5087A',0.0000000,'0'),(1178,2018,8,'5087A',0.3300000,'0.33'),(1179,2018,9,'5087A',0.9400000,'0.94'),(1180,2018,10,'5087A',0.3170000,'0.317'),(1181,2018,11,'5087A',1.0000000,'1'),(1182,2018,12,'5087A',1.0000000,'1'),(1183,2018,13,'5087A',1.0000000,'1'),(1184,2018,14,'5087A',0.0220000,'0.022'),(1185,2018,15,'5087A',1.0000000,'1'),(1186,2018,16,'5087A',1.0000000,'1'),(1187,2018,17,'5087A',0.0000000,'0'),(1188,2018,18,'5087A',1.0000000,'1'),(1189,2018,19,'5087A',0.0000000,'0'),(1190,2018,20,'5087A',1.0000000,'1'),(1191,2018,21,'5087A',1.0000000,'1'),(1192,2018,22,'5087A',0.0550000,'0.055'),(1193,2018,23,'5087A',0.9860000,'0.986'),(1194,2018,24,'5087A',0.1970000,'0.197'),(1195,2018,25,'5087A',0.0000000,'0'),(1196,2018,26,'5087A',1.0000000,'1'),(1197,2018,27,'5087A',1.0000000,'1'),(1198,2018,28,'5087A',1.0000000,'1'),(1199,2018,29,'5087A',1.0000000,'1'),(1200,2018,30,'5087A',1.0000000,'1'),(1201,2018,1,'5072I',0.0000000,'0'),(1202,2018,2,'5072I',0.0000000,'0'),(1203,2018,3,'5072I',1.0000000,'1'),(1204,2018,4,'5072I',1.0000000,'1'),(1205,2018,5,'5072I',0.9910000,'0.991'),(1206,2018,6,'5072I',0.4070000,'0.407'),(1207,2018,7,'5072I',1.0000000,'1'),(1208,2018,8,'5072I',0.3300000,'0.33'),(1209,2018,9,'5072I',0.9960000,'0.996'),(1210,2018,10,'5072I',0.2750000,'0.275'),(1211,2018,11,'5072I',1.0000000,'1'),(1212,2018,12,'5072I',1.0000000,'1'),(1213,2018,13,'5072I',1.0000000,'1'),(1214,2018,14,'5072I',0.0140000,'0.014'),(1215,2018,15,'5072I',1.0000000,'1'),(1216,2018,16,'5072I',1.0000000,'1'),(1217,2018,17,'5072I',1.0000000,'1'),(1218,2018,18,'5072I',1.0000000,'1'),(1219,2018,19,'5072I',1.0000000,'1'),(1220,2018,20,'5072I',1.0000000,'1'),(1221,2018,21,'5072I',1.0000000,'1'),(1222,2018,22,'5072I',0.9450000,'0.945'),(1223,2018,23,'5072I',0.9860000,'0.986'),(1224,2018,24,'5072I',0.4510000,'0.451'),(1225,2018,25,'5072I',1.0000000,'1'),(1226,2018,26,'5072I',1.0000000,'1'),(1227,2018,27,'5072I',1.0000000,'1'),(1228,2018,28,'5072I',1.0000000,'1'),(1229,2018,29,'5072I',1.0000000,'1'),(1230,2018,30,'5072I',1.0000000,'1'),(1231,2018,1,'5014A',0.0000000,'0'),(1232,2018,2,'5014A',1.0000000,'1'),(1233,2018,3,'5014A',1.0000000,'1'),(1234,2018,4,'5014A',1.0000000,'1'),(1235,2018,5,'5014A',0.9910000,'0.991'),(1236,2018,6,'5014A',0.0290000,'0.029'),(1237,2018,7,'5014A',0.0000000,'0'),(1238,2018,8,'5014A',0.5000000,'0.5'),(1239,2018,9,'5014A',0.9960000,'0.996'),(1240,2018,10,'5014A',0.7560000,'0.756'),(1241,2018,11,'5014A',1.0000000,'1'),(1242,2018,12,'5014A',1.0000000,'1'),(1243,2018,13,'5014A',1.0000000,'1'),(1244,2018,14,'5014A',0.0010000,'0.001'),(1245,2018,15,'5014A',1.0000000,'1'),(1246,2018,16,'5014A',1.0000000,'1'),(1247,2018,17,'5014A',1.0000000,'1'),(1248,2018,18,'5014A',1.0000000,'1'),(1249,2018,19,'5014A',0.0000000,'0'),(1250,2018,20,'5014A',1.0000000,'1'),(1251,2018,21,'5014A',1.0000000,'1'),(1252,2018,22,'5014A',0.0550000,'0.055'),(1253,2018,23,'5014A',0.9860000,'0.986'),(1254,2018,24,'5014A',0.3270000,'0.327'),(1255,2018,25,'5014A',0.0000000,'0'),(1256,2018,26,'5014A',1.0000000,'1'),(1257,2018,27,'5014A',1.0000000,'1'),(1258,2018,28,'5014A',1.0000000,'1'),(1259,2018,29,'5014A',1.0000000,'1'),(1260,2018,30,'5014A',1.0000000,'1'),(1261,2018,1,'5072J',0.0000000,'0'),(1262,2018,2,'5072J',1.0000000,'1'),(1263,2018,3,'5072J',1.0000000,'1'),(1264,2018,4,'5072J',1.0000000,'1'),(1265,2018,5,'5072J',0.9910000,'0.991'),(1266,2018,6,'5072J',0.0510000,'0.051'),(1267,2018,7,'5072J',0.0000000,'0'),(1268,2018,8,'5072J',0.3300000,'0.33'),(1269,2018,9,'5072J',0.9960000,'0.996'),(1270,2018,10,'5072J',0.0050000,'0.005'),(1271,2018,11,'5072J',1.0000000,'1'),(1272,2018,12,'5072J',1.0000000,'1'),(1273,2018,13,'5072J',1.0000000,'1'),(1274,2018,14,'5072J',0.0320000,'0.032'),(1275,2018,15,'5072J',1.0000000,'1'),(1276,2018,16,'5072J',1.0000000,'1'),(1277,2018,17,'5072J',1.0000000,'1'),(1278,2018,18,'5072J',1.0000000,'1'),(1279,2018,19,'5072J',1.0000000,'1'),(1280,2018,20,'5072J',1.0000000,'1'),(1281,2018,21,'5072J',1.0000000,'1'),(1282,2018,22,'5072J',0.0140000,'0.014'),(1283,2018,23,'5072J',0.9860000,'0.986'),(1284,2018,24,'5072J',0.4510000,'0.451'),(1285,2018,25,'5072J',0.0000000,'0'),(1286,2018,26,'5072J',1.0000000,'1'),(1287,2018,27,'5072J',1.0000000,'1'),(1288,2018,28,'5072J',1.0000000,'1'),(1289,2018,29,'5072J',0.0000000,'0'),(1290,2018,30,'5072J',1.0000000,'1'),(1291,2018,1,'5074A',0.0000000,'0'),(1292,2018,2,'5074A',0.0000000,'0'),(1293,2018,3,'5074A',1.0000000,'1'),(1294,2018,4,'5074A',1.0000000,'1'),(1295,2018,5,'5074A',0.9910000,'0.991'),(1296,2018,6,'5074A',0.0510000,'0.051'),(1297,2018,7,'5074A',0.0000000,'0'),(1298,2018,8,'5074A',0.3300000,'0.33'),(1299,2018,9,'5074A',0.9960000,'0.996'),(1300,2018,10,'5074A',0.0050000,'0.005'),(1301,2018,11,'5074A',1.0000000,'1'),(1302,2018,12,'5074A',1.0000000,'1'),(1303,2018,13,'5074A',1.0000000,'1'),(1304,2018,14,'5074A',0.0030000,'0.003'),(1305,2018,15,'5074A',1.0000000,'1'),(1306,2018,16,'5074A',1.0000000,'1'),(1307,2018,17,'5074A',1.0000000,'1'),(1308,2018,18,'5074A',1.0000000,'1'),(1309,2018,19,'5074A',0.0000000,'0'),(1310,2018,20,'5074A',1.0000000,'1'),(1311,2018,21,'5074A',1.0000000,'1'),(1312,2018,22,'5074A',0.0140000,'0.014'),(1313,2018,23,'5074A',0.9860000,'0.986'),(1314,2018,24,'5074A',0.2870000,'0.287'),(1315,2018,25,'5074A',1.0000000,'1'),(1316,2018,26,'5074A',1.0000000,'1'),(1317,2018,27,'5074A',1.0000000,'1'),(1318,2018,28,'5074A',1.0000000,'1'),(1319,2018,29,'5074A',0.0000000,'0'),(1320,2018,30,'5074A',1.0000000,'1'),(1321,2018,1,'5071B',0.0000000,'0'),(1322,2018,2,'5071B',0.0000000,'0'),(1323,2018,3,'5071B',1.0000000,'1'),(1324,2018,4,'5071B',1.0000000,'1'),(1325,2018,5,'5071B',0.8050000,'0.805'),(1326,2018,6,'5071B',0.0510000,'0.051'),(1327,2018,7,'5071B',0.0000000,'0'),(1328,2018,8,'5071B',0.3300000,'0.33'),(1329,2018,9,'5071B',0.9960000,'0.996'),(1330,2018,10,'5071B',0.0050000,'0.005'),(1331,2018,11,'5071B',1.0000000,'1'),(1332,2018,12,'5071B',1.0000000,'1'),(1333,2018,13,'5071B',0.0000000,'0'),(1334,2018,14,'5071B',0.0030000,'0.003'),(1335,2018,15,'5071B',1.0000000,'1'),(1336,2018,16,'5071B',1.0000000,'1'),(1337,2018,17,'5071B',0.0000000,'0'),(1338,2018,18,'5071B',1.0000000,'1'),(1339,2018,19,'5071B',0.0000000,'0'),(1340,2018,20,'5071B',1.0000000,'1'),(1341,2018,21,'5071B',1.0000000,'1'),(1342,2018,22,'5071B',0.0550000,'0.055'),(1343,2018,23,'5071B',0.5000000,'0.5'),(1344,2018,24,'5071B',0.2870000,'0.287'),(1345,2018,25,'5071B',1.0000000,'1'),(1346,2018,26,'5071B',0.0000000,'0'),(1347,2018,27,'5071B',1.0000000,'1'),(1348,2018,28,'5071B',1.0000000,'1'),(1349,2018,29,'5071B',0.0000000,'0'),(1350,2018,30,'5071B',1.0000000,'1'),(1351,2018,1,'5071C',0.0000000,'0'),(1352,2018,2,'5071C',0.0000000,'0'),(1353,2018,3,'5071C',1.0000000,'1'),(1354,2018,4,'5071C',1.0000000,'1'),(1355,2018,5,'5071C',0.8050000,'0.805'),(1356,2018,6,'5071C',0.0510000,'0.051'),(1357,2018,7,'5071C',0.0000000,'0'),(1358,2018,8,'5071C',0.3300000,'0.33'),(1359,2018,9,'5071C',0.9960000,'0.996'),(1360,2018,10,'5071C',0.0050000,'0.005'),(1361,2018,11,'5071C',1.0000000,'1'),(1362,2018,12,'5071C',1.0000000,'1'),(1363,2018,13,'5071C',1.0000000,'1'),(1364,2018,14,'5071C',0.0080000,'0.008'),(1365,2018,15,'5071C',1.0000000,'1'),(1366,2018,16,'5071C',1.0000000,'1'),(1367,2018,17,'5071C',0.0000000,'0'),(1368,2018,18,'5071C',1.0000000,'1'),(1369,2018,19,'5071C',0.0000000,'0'),(1370,2018,20,'5071C',1.0000000,'1'),(1371,2018,21,'5071C',0.0000000,'0'),(1372,2018,22,'5071C',0.0550000,'0.055'),(1373,2018,23,'5071C',0.9860000,'0.986'),(1374,2018,24,'5071C',0.2870000,'0.287'),(1375,2018,25,'5071C',1.0000000,'1'),(1376,2018,26,'5071C',1.0000000,'1'),(1377,2018,27,'5071C',1.0000000,'1'),(1378,2018,28,'5071C',1.0000000,'1'),(1379,2018,29,'5071C',0.0000000,'0'),(1380,2018,30,'5071C',1.0000000,'1'),(1381,2018,1,'5072C',1.0000000,'1'),(1382,2018,2,'5072C',0.0000000,'0'),(1383,2018,3,'5072C',1.0000000,'1'),(1384,2018,4,'5072C',1.0000000,'1'),(1385,2018,5,'5072C',0.1950000,'0.195'),(1386,2018,6,'5072C',0.0510000,'0.051'),(1387,2018,7,'5072C',0.0000000,'0'),(1388,2018,8,'5072C',0.3300000,'0.33'),(1389,2018,9,'5072C',0.9960000,'0.996'),(1390,2018,10,'5072C',0.0050000,'0.005'),(1391,2018,11,'5072C',1.0000000,'1'),(1392,2018,12,'5072C',1.0000000,'1'),(1393,2018,13,'5072C',1.0000000,'1'),(1394,2018,14,'5072C',0.9450000,'0.945'),(1395,2018,15,'5072C',1.0000000,'1'),(1396,2018,16,'5072C',1.0000000,'1'),(1397,2018,17,'5072C',0.0000000,'0'),(1398,2018,18,'5072C',1.0000000,'1'),(1399,2018,19,'5072C',0.0000000,'0'),(1400,2018,20,'5072C',1.0000000,'1'),(1401,2018,21,'5072C',1.0000000,'1'),(1402,2018,22,'5072C',0.0550000,'0.055'),(1403,2018,23,'5072C',0.9860000,'0.986'),(1404,2018,24,'5072C',0.4510000,'0.451'),(1405,2018,25,'5072C',0.0000000,'0'),(1406,2018,26,'5072C',1.0000000,'1'),(1407,2018,27,'5072C',1.0000000,'1'),(1408,2018,28,'5072C',1.0000000,'1'),(1409,2018,29,'5072C',0.0000000,'0'),(1410,2018,30,'5072C',1.0000000,'1'),(1411,2018,1,'5072E',0.0000000,'0'),(1412,2018,2,'5072E',0.0000000,'0'),(1413,2018,3,'5072E',1.0000000,'1'),(1414,2018,4,'5072E',1.0000000,'1'),(1415,2018,5,'5072E',0.9910000,'0.991'),(1416,2018,6,'5072E',0.0510000,'0.051'),(1417,2018,7,'5072E',0.0000000,'0'),(1418,2018,8,'5072E',0.3300000,'0.33'),(1419,2018,9,'5072E',0.9960000,'0.996'),(1420,2018,10,'5072E',0.0050000,'0.005'),(1421,2018,11,'5072E',1.0000000,'1'),(1422,2018,12,'5072E',1.0000000,'1'),(1423,2018,13,'5072E',1.0000000,'1'),(1424,2018,14,'5072E',0.8790000,'0.879'),(1425,2018,15,'5072E',1.0000000,'1'),(1426,2018,16,'5072E',1.0000000,'1'),(1427,2018,17,'5072E',1.0000000,'1'),(1428,2018,18,'5072E',1.0000000,'1'),(1429,2018,19,'5072E',1.0000000,'1'),(1430,2018,20,'5072E',1.0000000,'1'),(1431,2018,21,'5072E',1.0000000,'1'),(1432,2018,22,'5072E',0.0140000,'0.014'),(1433,2018,23,'5072E',0.9860000,'0.986'),(1434,2018,24,'5072E',0.4510000,'0.451'),(1435,2018,25,'5072E',0.0000000,'0'),(1436,2018,26,'5072E',1.0000000,'1'),(1437,2018,27,'5072E',1.0000000,'1'),(1438,2018,28,'5072E',1.0000000,'1'),(1439,2018,29,'5072E',0.0000000,'0'),(1440,2018,30,'5072E',1.0000000,'1'),(1441,2018,1,'5073B',0.0000000,'0'),(1442,2018,2,'5073B',0.0000000,'0'),(1443,2018,3,'5073B',1.0000000,'1'),(1444,2018,4,'5073B',1.0000000,'1'),(1445,2018,5,'5073B',0.9910000,'0.991'),(1446,2018,6,'5073B',0.0510000,'0.051'),(1447,2018,7,'5073B',0.0000000,'0'),(1448,2018,8,'5073B',0.3300000,'0.33'),(1449,2018,9,'5073B',0.9960000,'0.996'),(1450,2018,10,'5073B',0.0050000,'0.005'),(1451,2018,11,'5073B',1.0000000,'1'),(1452,2018,12,'5073B',1.0000000,'1'),(1453,2018,13,'5073B',1.0000000,'1'),(1454,2018,14,'5073B',0.0010000,'0.001'),(1455,2018,15,'5073B',1.0000000,'1'),(1456,2018,16,'5073B',1.0000000,'1'),(1457,2018,17,'5073B',1.0000000,'1'),(1458,2018,18,'5073B',1.0000000,'1'),(1459,2018,19,'5073B',0.0000000,'0'),(1460,2018,20,'5073B',1.0000000,'1'),(1461,2018,21,'5073B',1.0000000,'1'),(1462,2018,22,'5073B',0.0550000,'0.055'),(1463,2018,23,'5073B',0.9860000,'0.986'),(1464,2018,24,'5073B',0.2460000,'0.246'),(1465,2018,25,'5073B',0.0000000,'0'),(1466,2018,26,'5073B',1.0000000,'1'),(1467,2018,27,'5073B',1.0000000,'1'),(1468,2018,28,'5073B',1.0000000,'1'),(1469,2018,29,'5073B',0.0000000,'0'),(1470,2018,30,'5073B',1.0000000,'1'),(1471,2018,1,'5073D',0.0000000,'0'),(1472,2018,2,'5073D',0.0000000,'0'),(1473,2018,3,'5073D',1.0000000,'1'),(1474,2018,4,'5073D',1.0000000,'1'),(1475,2018,5,'5073D',0.1950000,'0.195'),(1476,2018,6,'5073D',0.0510000,'0.051'),(1477,2018,7,'5073D',0.0000000,'0'),(1478,2018,8,'5073D',0.3300000,'0.33'),(1479,2018,9,'5073D',0.9960000,'0.996'),(1480,2018,10,'5073D',0.0050000,'0.005'),(1481,2018,11,'5073D',1.0000000,'1'),(1482,2018,12,'5073D',1.0000000,'1'),(1483,2018,13,'5073D',1.0000000,'1'),(1484,2018,14,'5073D',0.0420000,'0.042'),(1485,2018,15,'5073D',1.0000000,'1'),(1486,2018,16,'5073D',1.0000000,'1'),(1487,2018,17,'5073D',1.0000000,'1'),(1488,2018,18,'5073D',1.0000000,'1'),(1489,2018,19,'5073D',1.0000000,'1'),(1490,2018,20,'5073D',1.0000000,'1'),(1491,2018,21,'5073D',1.0000000,'1'),(1492,2018,22,'5073D',0.9450000,'0.945'),(1493,2018,23,'5073D',0.9860000,'0.986'),(1494,2018,24,'5073D',0.2460000,'0.246'),(1495,2018,25,'5073D',1.0000000,'1'),(1496,2018,26,'5073D',1.0000000,'1'),(1497,2018,27,'5073D',1.0000000,'1'),(1498,2018,28,'5073D',1.0000000,'1'),(1499,2018,29,'5073D',0.0000000,'0'),(1500,2018,30,'5073D',1.0000000,'1'),(1501,2018,1,'5074E',0.0000000,'0'),(1502,2018,2,'5074E',0.0000000,'0'),(1503,2018,3,'5074E',1.0000000,'1'),(1504,2018,4,'5074E',1.0000000,'1'),(1505,2018,5,'5074E',0.9910000,'0.991'),(1506,2018,6,'5074E',0.0510000,'0.051'),(1507,2018,7,'5074E',0.0000000,'0'),(1508,2018,8,'5074E',0.3300000,'0.33'),(1509,2018,9,'5074E',0.9960000,'0.996'),(1510,2018,10,'5074E',0.0050000,'0.005'),(1511,2018,11,'5074E',1.0000000,'1'),(1512,2018,12,'5074E',1.0000000,'1'),(1513,2018,13,'5074E',1.0000000,'1'),(1514,2018,14,'5074E',0.0180000,'0.018'),(1515,2018,15,'5074E',1.0000000,'1'),(1516,2018,16,'5074E',1.0000000,'1'),(1517,2018,17,'5074E',1.0000000,'1'),(1518,2018,18,'5074E',1.0000000,'1'),(1519,2018,19,'5074E',1.0000000,'1'),(1520,2018,20,'5074E',1.0000000,'1'),(1521,2018,21,'5074E',1.0000000,'1'),(1522,2018,22,'5074E',0.9450000,'0.945'),(1523,2018,23,'5074E',0.9860000,'0.986'),(1524,2018,24,'5074E',0.1410000,'0.141'),(1525,2018,25,'5074E',1.0000000,'1'),(1526,2018,26,'5074E',1.0000000,'1'),(1527,2018,27,'5074E',1.0000000,'1'),(1528,2018,28,'5074E',1.0000000,'1'),(1529,2018,29,'5074E',0.0000000,'0'),(1530,2018,30,'5074E',1.0000000,'1'),(1531,2018,1,'5071A',0.0000000,'0'),(1532,2018,2,'5071A',0.0000000,'0'),(1533,2018,3,'5071A',1.0000000,'1'),(1534,2018,4,'5071A',1.0000000,'1'),(1535,2018,5,'5071A',0.9910000,'0.991'),(1536,2018,6,'5071A',0.0510000,'0.051'),(1537,2018,7,'5071A',0.0000000,'0'),(1538,2018,8,'5071A',0.3300000,'0.33'),(1539,2018,9,'5071A',0.9960000,'0.996'),(1540,2018,10,'5071A',0.0050000,'0.005'),(1541,2018,11,'5071A',1.0000000,'1'),(1542,2018,12,'5071A',1.0000000,'1'),(1543,2018,13,'5071A',1.0000000,'1'),(1544,2018,14,'5071A',0.0030000,'0.003'),(1545,2018,15,'5071A',1.0000000,'1'),(1546,2018,16,'5071A',1.0000000,'1'),(1547,2018,17,'5071A',1.0000000,'1'),(1548,2018,18,'5071A',1.0000000,'1'),(1549,2018,19,'5071A',0.0000000,'0'),(1550,2018,20,'5071A',1.0000000,'1'),(1551,2018,21,'5071A',1.0000000,'1'),(1552,2018,22,'5071A',0.0550000,'0.055'),(1553,2018,23,'5071A',0.9860000,'0.986'),(1554,2018,24,'5071A',0.2870000,'0.287'),(1555,2018,25,'5071A',1.0000000,'1'),(1556,2018,26,'5071A',1.0000000,'1'),(1557,2018,27,'5071A',1.0000000,'1'),(1558,2018,28,'5071A',1.0000000,'1'),(1559,2018,29,'5071A',0.0000000,'0'),(1560,2018,30,'5071A',1.0000000,'1'),(1561,2018,1,'5071D',0.0000000,'0'),(1562,2018,2,'5071D',0.0000000,'0'),(1563,2018,3,'5071D',0.0000000,'0'),(1564,2018,4,'5071D',1.0000000,'1'),(1565,2018,5,'5071D',0.9910000,'0.991'),(1566,2018,6,'5071D',0.0510000,'0.051'),(1567,2018,7,'5071D',0.0000000,'0'),(1568,2018,8,'5071D',0.3300000,'0.33'),(1569,2018,9,'5071D',0.9960000,'0.996'),(1570,2018,10,'5071D',0.0050000,'0.005'),(1571,2018,11,'5071D',1.0000000,'1'),(1572,2018,12,'5071D',1.0000000,'1'),(1573,2018,13,'5071D',1.0000000,'1'),(1574,2018,14,'5071D',0.2430000,'0.243'),(1575,2018,15,'5071D',1.0000000,'1'),(1576,2018,16,'5071D',1.0000000,'1'),(1577,2018,17,'5071D',0.0000000,'0'),(1578,2018,18,'5071D',1.0000000,'1'),(1579,2018,19,'5071D',0.0000000,'0'),(1580,2018,20,'5071D',1.0000000,'1'),(1581,2018,21,'5071D',1.0000000,'1'),(1582,2018,22,'5071D',0.0550000,'0.055'),(1583,2018,23,'5071D',0.9860000,'0.986'),(1584,2018,24,'5071D',0.2870000,'0.287'),(1585,2018,25,'5071D',1.0000000,'1'),(1586,2018,26,'5071D',1.0000000,'1'),(1587,2018,27,'5071D',1.0000000,'1'),(1588,2018,28,'5071D',1.0000000,'1'),(1589,2018,29,'5071D',0.0000000,'0'),(1590,2018,30,'5071D',1.0000000,'1'),(1591,2018,1,'5072B',0.0000000,'0'),(1592,2018,2,'5072B',1.0000000,'1'),(1593,2018,3,'5072B',1.0000000,'1'),(1594,2018,4,'5072B',1.0000000,'1'),(1595,2018,5,'5072B',0.9910000,'0.991'),(1596,2018,6,'5072B',0.0510000,'0.051'),(1597,2018,7,'5072B',0.0000000,'0'),(1598,2018,8,'5072B',0.3300000,'0.33'),(1599,2018,9,'5072B',0.9960000,'0.996'),(1600,2018,10,'5072B',0.0050000,'0.005'),(1601,2018,11,'5072B',1.0000000,'1'),(1602,2018,12,'5072B',1.0000000,'1'),(1603,2018,13,'5072B',1.0000000,'1'),(1604,2018,14,'5072B',0.0940000,'0.094'),(1605,2018,15,'5072B',1.0000000,'1'),(1606,2018,16,'5072B',1.0000000,'1'),(1607,2018,17,'5072B',1.0000000,'1'),(1608,2018,18,'5072B',1.0000000,'1'),(1609,2018,19,'5072B',0.0000000,'0'),(1610,2018,20,'5072B',1.0000000,'1'),(1611,2018,21,'5072B',1.0000000,'1'),(1612,2018,22,'5072B',0.0550000,'0.055'),(1613,2018,23,'5072B',0.9860000,'0.986'),(1614,2018,24,'5072B',0.4510000,'0.451'),(1615,2018,25,'5072B',0.0000000,'0'),(1616,2018,26,'5072B',1.0000000,'1'),(1617,2018,27,'5072B',1.0000000,'1'),(1618,2018,28,'5072B',1.0000000,'1'),(1619,2018,29,'5072B',0.0000000,'0'),(1620,2018,30,'5072B',1.0000000,'1'),(1621,2018,1,'5072F',0.0000000,'0'),(1622,2018,2,'5072F',0.0000000,'0'),(1623,2018,3,'5072F',0.0000000,'0'),(1624,2018,4,'5072F',1.0000000,'1'),(1625,2018,5,'5072F',0.0090000,'0.009'),(1626,2018,6,'5072F',0.0510000,'0.051'),(1627,2018,7,'5072F',0.0000000,'0'),(1628,2018,8,'5072F',0.3300000,'0.33'),(1629,2018,9,'5072F',0.9960000,'0.996'),(1630,2018,10,'5072F',0.0050000,'0.005'),(1631,2018,11,'5072F',1.0000000,'1'),(1632,2018,12,'5072F',0.0000000,'0'),(1633,2018,13,'5072F',1.0000000,'1'),(1634,2018,14,'5072F',0.0320000,'0.032'),(1635,2018,15,'5072F',0.0000000,'0'),(1636,2018,16,'5072F',1.0000000,'1'),(1637,2018,17,'5072F',0.0000000,'0'),(1638,2018,18,'5072F',1.0000000,'1'),(1639,2018,19,'5072F',0.0000000,'0'),(1640,2018,20,'5072F',1.0000000,'1'),(1641,2018,21,'5072F',1.0000000,'1'),(1642,2018,22,'5072F',0.0550000,'0.055'),(1643,2018,23,'5072F',0.9860000,'0.986'),(1644,2018,24,'5072F',0.4510000,'0.451'),(1645,2018,25,'5072F',0.0000000,'0'),(1646,2018,26,'5072F',1.0000000,'1'),(1647,2018,27,'5072F',1.0000000,'1'),(1648,2018,28,'5072F',1.0000000,'1'),(1649,2018,29,'5072F',0.0000000,'0'),(1650,2018,30,'5072F',1.0000000,'1'),(1651,2018,1,'5073C',1.0000000,'1'),(1652,2018,2,'5073C',0.0000000,'0'),(1653,2018,3,'5073C',0.0000000,'0'),(1654,2018,4,'5073C',1.0000000,'1'),(1655,2018,5,'5073C',0.9910000,'0.991'),(1656,2018,6,'5073C',0.0510000,'0.051'),(1657,2018,7,'5073C',0.0000000,'0'),(1658,2018,8,'5073C',0.3300000,'0.33'),(1659,2018,9,'5073C',0.9960000,'0.996'),(1660,2018,10,'5073C',0.0050000,'0.005'),(1661,2018,11,'5073C',1.0000000,'1'),(1662,2018,12,'5073C',1.0000000,'1'),(1663,2018,13,'5073C',1.0000000,'1'),(1664,2018,14,'5073C',0.0010000,'0.001'),(1665,2018,15,'5073C',1.0000000,'1'),(1666,2018,16,'5073C',1.0000000,'1'),(1667,2018,17,'5073C',0.0000000,'0'),(1668,2018,18,'5073C',1.0000000,'1'),(1669,2018,19,'5073C',1.0000000,'1'),(1670,2018,20,'5073C',1.0000000,'1'),(1671,2018,21,'5073C',1.0000000,'1'),(1672,2018,22,'5073C',0.0550000,'0.055'),(1673,2018,23,'5073C',0.9860000,'0.986'),(1674,2018,24,'5073C',0.2460000,'0.246'),(1675,2018,25,'5073C',0.0000000,'0'),(1676,2018,26,'5073C',1.0000000,'1'),(1677,2018,27,'5073C',1.0000000,'1'),(1678,2018,28,'5073C',1.0000000,'1'),(1679,2018,29,'5073C',0.0000000,'0'),(1680,2018,30,'5073C',1.0000000,'1'),(1681,2018,1,'5072G',0.0000000,'0'),(1682,2018,2,'5072G',1.0000000,'1'),(1683,2018,3,'5072G',1.0000000,'1'),(1684,2018,4,'5072G',1.0000000,'1'),(1685,2018,5,'5072G',0.9910000,'0.991'),(1686,2018,6,'5072G',0.0860000,'0.086'),(1687,2018,7,'5072G',0.0000000,'0'),(1688,2018,8,'5072G',0.3300000,'0.33'),(1689,2018,9,'5072G',0.9400000,'0.94'),(1690,2018,10,'5072G',0.3170000,'0.317'),(1691,2018,11,'5072G',1.0000000,'1'),(1692,2018,12,'5072G',1.0000000,'1'),(1693,2018,13,'5072G',1.0000000,'1'),(1694,2018,14,'5072G',0.0010000,'0.001'),(1695,2018,15,'5072G',1.0000000,'1'),(1696,2018,16,'5072G',1.0000000,'1'),(1697,2018,17,'5072G',0.0000000,'0'),(1698,2018,18,'5072G',1.0000000,'1'),(1699,2018,19,'5072G',1.0000000,'1'),(1700,2018,20,'5072G',1.0000000,'1'),(1701,2018,21,'5072G',1.0000000,'1'),(1702,2018,22,'5072G',0.0550000,'0.055'),(1703,2018,23,'5072G',0.9860000,'0.986'),(1704,2018,24,'5072G',0.4510000,'0.451'),(1705,2018,25,'5072G',0.0000000,'0'),(1706,2018,26,'5072G',1.0000000,'1'),(1707,2018,27,'5072G',1.0000000,'1'),(1708,2018,28,'5072G',1.0000000,'1'),(1709,2018,29,'5072G',1.0000000,'1'),(1710,2018,30,'5072G',1.0000000,'1'),(1711,2018,1,'5074D',0.0000000,'0'),(1712,2018,2,'5074D',0.0000000,'0'),(1713,2018,3,'5074D',1.0000000,'1'),(1714,2018,4,'5074D',1.0000000,'1'),(1715,2018,5,'5074D',0.9910000,'0.991'),(1716,2018,6,'5074D',0.0510000,'0.051'),(1717,2018,7,'5074D',0.0000000,'0'),(1718,2018,8,'5074D',0.3300000,'0.33'),(1719,2018,9,'5074D',0.9960000,'0.996'),(1720,2018,10,'5074D',0.0050000,'0.005'),(1721,2018,11,'5074D',1.0000000,'1'),(1722,2018,12,'5074D',1.0000000,'1'),(1723,2018,13,'5074D',1.0000000,'1'),(1724,2018,14,'5074D',0.0550000,'0.055'),(1725,2018,15,'5074D',1.0000000,'1'),(1726,2018,16,'5074D',1.0000000,'1'),(1727,2018,17,'5074D',1.0000000,'1'),(1728,2018,18,'5074D',1.0000000,'1'),(1729,2018,19,'5074D',1.0000000,'1'),(1730,2018,20,'5074D',1.0000000,'1'),(1731,2018,21,'5074D',1.0000000,'1'),(1732,2018,22,'5074D',0.9450000,'0.945'),(1733,2018,23,'5074D',0.9860000,'0.986'),(1734,2018,24,'5074D',0.1410000,'0.141'),(1735,2018,25,'5074D',1.0000000,'1'),(1736,2018,26,'5074D',1.0000000,'1'),(1737,2018,27,'5074D',1.0000000,'1'),(1738,2018,28,'5074D',1.0000000,'1'),(1739,2018,29,'5074D',0.0000000,'0'),(1740,2018,30,'5074D',1.0000000,'1'),(1741,2018,1,'5071E',0.0000000,'0'),(1742,2018,2,'5071E',0.0000000,'0'),(1743,2018,3,'5071E',0.0000000,'0'),(1744,2018,4,'5071E',1.0000000,'1'),(1745,2018,5,'5071E',0.9910000,'0.991'),(1746,2018,6,'5071E',0.0510000,'0.051'),(1747,2018,7,'5071E',0.0000000,'0'),(1748,2018,8,'5071E',0.3300000,'0.33'),(1749,2018,9,'5071E',0.9960000,'0.996'),(1750,2018,10,'5071E',0.0050000,'0.005'),(1751,2018,11,'5071E',0.0000000,'0'),(1752,2018,12,'5071E',1.0000000,'1'),(1753,2018,13,'5071E',1.0000000,'1'),(1754,2018,14,'5071E',0.5700000,'0.57'),(1755,2018,15,'5071E',1.0000000,'1'),(1756,2018,16,'5071E',1.0000000,'1'),(1757,2018,17,'5071E',1.0000000,'1'),(1758,2018,18,'5071E',1.0000000,'1'),(1759,2018,19,'5071E',1.0000000,'1'),(1760,2018,20,'5071E',1.0000000,'1'),(1761,2018,21,'5071E',1.0000000,'1'),(1762,2018,22,'5071E',0.0550000,'0.055'),(1763,2018,23,'5071E',0.9860000,'0.986'),(1764,2018,24,'5071E',0.2870000,'0.287'),(1765,2018,25,'5071E',1.0000000,'1'),(1766,2018,26,'5071E',1.0000000,'1'),(1767,2018,27,'5071E',1.0000000,'1'),(1768,2018,28,'5071E',1.0000000,'1'),(1769,2018,29,'5071E',0.0000000,'0'),(1770,2018,30,'5071E',1.0000000,'1'),(1771,2018,1,'5081B',0.0000000,'0'),(1772,2018,2,'5081B',0.0000000,'0'),(1773,2018,3,'5081B',1.0000000,'1'),(1774,2018,4,'5081B',1.0000000,'1'),(1775,2018,5,'5081B',0.9910000,'0.991'),(1776,2018,6,'5081B',0.0860000,'0.086'),(1777,2018,7,'5081B',0.0000000,'0'),(1778,2018,8,'5081B',0.3300000,'0.33'),(1779,2018,9,'5081B',0.9400000,'0.94'),(1780,2018,10,'5081B',0.3170000,'0.317'),(1781,2018,11,'5081B',1.0000000,'1'),(1782,2018,12,'5081B',1.0000000,'1'),(1783,2018,13,'5081B',1.0000000,'1'),(1784,2018,14,'5081B',0.0320000,'0.032'),(1785,2018,15,'5081B',1.0000000,'1'),(1786,2018,16,'5081B',1.0000000,'1'),(1787,2018,17,'5081B',1.0000000,'1'),(1788,2018,18,'5081B',1.0000000,'1'),(1789,2018,19,'5081B',1.0000000,'1'),(1790,2018,20,'5081B',1.0000000,'1'),(1791,2018,21,'5081B',1.0000000,'1'),(1792,2018,22,'5081B',0.9450000,'0.945'),(1793,2018,23,'5081B',0.9860000,'0.986'),(1794,2018,24,'5081B',0.0200000,'0.02'),(1795,2018,25,'5081B',1.0000000,'1'),(1796,2018,26,'5081B',1.0000000,'1'),(1797,2018,27,'5081B',1.0000000,'1'),(1798,2018,28,'5081B',1.0000000,'1'),(1799,2018,29,'5081B',1.0000000,'1'),(1800,2018,30,'5081B',1.0000000,'1'),(1801,2018,1,'5081C',0.0000000,'0'),(1802,2018,2,'5081C',0.0000000,'0'),(1803,2018,3,'5081C',1.0000000,'1'),(1804,2018,4,'5081C',1.0000000,'1'),(1805,2018,5,'5081C',0.9910000,'0.991'),(1806,2018,6,'5081C',0.0860000,'0.086'),(1807,2018,7,'5081C',0.0000000,'0'),(1808,2018,8,'5081C',0.3300000,'0.33'),(1809,2018,9,'5081C',0.9400000,'0.94'),(1810,2018,10,'5081C',0.3170000,'0.317'),(1811,2018,11,'5081C',1.0000000,'1'),(1812,2018,12,'5081C',1.0000000,'1'),(1813,2018,13,'5081C',1.0000000,'1'),(1814,2018,14,'5081C',1.0000000,'1'),(1815,2018,15,'5081C',1.0000000,'1'),(1816,2018,16,'5081C',1.0000000,'1'),(1817,2018,17,'5081C',0.0000000,'0'),(1818,2018,18,'5081C',1.0000000,'1'),(1819,2018,19,'5081C',0.0000000,'0'),(1820,2018,20,'5081C',1.0000000,'1'),(1821,2018,21,'5081C',1.0000000,'1'),(1822,2018,22,'5081C',0.0550000,'0.055'),(1823,2018,23,'5081C',0.9860000,'0.986'),(1824,2018,24,'5081C',0.0200000,'0.02'),(1825,2018,25,'5081C',0.0000000,'0'),(1826,2018,26,'5081C',1.0000000,'1'),(1827,2018,27,'5081C',1.0000000,'1'),(1828,2018,28,'5081C',1.0000000,'1'),(1829,2018,29,'5081C',1.0000000,'1'),(1830,2018,30,'5081C',1.0000000,'1'),(1831,2018,1,'5082A',0.0000000,'0'),(1832,2018,2,'5082A',0.0000000,'0'),(1833,2018,3,'5082A',1.0000000,'1'),(1834,2018,4,'5082A',1.0000000,'1'),(1835,2018,5,'5082A',0.9910000,'0.991'),(1836,2018,6,'5082A',0.0860000,'0.086'),(1837,2018,7,'5082A',0.0000000,'0'),(1838,2018,8,'5082A',0.3300000,'0.33'),(1839,2018,9,'5082A',0.9400000,'0.94'),(1840,2018,10,'5082A',0.3170000,'0.317'),(1841,2018,11,'5082A',1.0000000,'1'),(1842,2018,12,'5082A',1.0000000,'1'),(1843,2018,13,'5082A',1.0000000,'1'),(1844,2018,14,'5082A',0.3620000,'0.362'),(1845,2018,15,'5082A',1.0000000,'1'),(1846,2018,16,'5082A',1.0000000,'1'),(1847,2018,17,'5082A',0.0000000,'0'),(1848,2018,18,'5082A',1.0000000,'1'),(1849,2018,19,'5082A',0.0000000,'0'),(1850,2018,20,'5082A',1.0000000,'1'),(1851,2018,21,'5082A',1.0000000,'1'),(1852,2018,22,'5082A',0.0550000,'0.055'),(1853,2018,23,'5082A',0.9860000,'0.986'),(1854,2018,24,'5082A',0.4040000,'0.404'),(1855,2018,25,'5082A',0.0000000,'0'),(1856,2018,26,'5082A',1.0000000,'1'),(1857,2018,27,'5082A',1.0000000,'1'),(1858,2018,28,'5082A',1.0000000,'1'),(1859,2018,29,'5082A',1.0000000,'1'),(1860,2018,30,'5082A',1.0000000,'1'),(1861,2018,1,'5085A',0.0000000,'0'),(1862,2018,2,'5085A',0.0000000,'0'),(1863,2018,3,'5085A',1.0000000,'1'),(1864,2018,4,'5085A',1.0000000,'1'),(1865,2018,5,'5085A',0.0090000,'0.009'),(1866,2018,6,'5085A',0.0860000,'0.086'),(1867,2018,7,'5085A',0.0000000,'0'),(1868,2018,8,'5085A',0.3300000,'0.33'),(1869,2018,9,'5085A',0.9400000,'0.94'),(1870,2018,10,'5085A',0.3170000,'0.317'),(1871,2018,11,'5085A',1.0000000,'1'),(1872,2018,12,'5085A',1.0000000,'1'),(1873,2018,13,'5085A',0.0000000,'0'),(1874,2018,14,'5085A',0.0010000,'0.001'),(1875,2018,15,'5085A',1.0000000,'1'),(1876,2018,16,'5085A',1.0000000,'1'),(1877,2018,17,'5085A',0.0000000,'0'),(1878,2018,18,'5085A',1.0000000,'1'),(1879,2018,19,'5085A',0.0000000,'0'),(1880,2018,20,'5085A',1.0000000,'1'),(1881,2018,21,'5085A',1.0000000,'1'),(1882,2018,22,'5085A',0.0140000,'0.014'),(1883,2018,23,'5085A',0.9860000,'0.986'),(1884,2018,24,'5085A',0.4380000,'0.438'),(1885,2018,25,'5085A',0.0000000,'0'),(1886,2018,26,'5085A',1.0000000,'1'),(1887,2018,27,'5085A',1.0000000,'1'),(1888,2018,28,'5085A',1.0000000,'1'),(1889,2018,29,'5085A',1.0000000,'1'),(1890,2018,30,'5085A',1.0000000,'1'),(1891,2018,1,'5082B',0.0000000,'0'),(1892,2018,2,'5082B',0.0000000,'0'),(1893,2018,3,'5082B',1.0000000,'1'),(1894,2018,4,'5082B',1.0000000,'1'),(1895,2018,5,'5082B',0.9910000,'0.991'),(1896,2018,6,'5082B',0.0860000,'0.086'),(1897,2018,7,'5082B',0.0000000,'0'),(1898,2018,8,'5082B',0.3300000,'0.33'),(1899,2018,9,'5082B',0.9400000,'0.94'),(1900,2018,10,'5082B',0.3170000,'0.317'),(1901,2018,11,'5082B',1.0000000,'1'),(1902,2018,12,'5082B',1.0000000,'1'),(1903,2018,13,'5082B',1.0000000,'1'),(1904,2018,14,'5082B',0.0180000,'0.018'),(1905,2018,15,'5082B',1.0000000,'1'),(1906,2018,16,'5082B',1.0000000,'1'),(1907,2018,17,'5082B',0.0000000,'0'),(1908,2018,18,'5082B',1.0000000,'1'),(1909,2018,19,'5082B',0.0000000,'0'),(1910,2018,20,'5082B',1.0000000,'1'),(1911,2018,21,'5082B',1.0000000,'1'),(1912,2018,22,'5082B',0.0140000,'0.014'),(1913,2018,23,'5082B',0.9860000,'0.986'),(1914,2018,24,'5082B',0.4040000,'0.404'),(1915,2018,25,'5082B',0.0000000,'0'),(1916,2018,26,'5082B',1.0000000,'1'),(1917,2018,27,'5082B',1.0000000,'1'),(1918,2018,28,'5082B',1.0000000,'1'),(1919,2018,29,'5082B',1.0000000,'1'),(1920,2018,30,'5082B',1.0000000,'1'),(1921,2018,1,'5083A',0.0000000,'0'),(1922,2018,2,'5083A',0.0000000,'0'),(1923,2018,3,'5083A',1.0000000,'1'),(1924,2018,4,'5083A',1.0000000,'1'),(1925,2018,5,'5083A',0.9910000,'0.991'),(1926,2018,6,'5083A',0.0860000,'0.086'),(1927,2018,7,'5083A',0.0000000,'0'),(1928,2018,8,'5083A',0.3300000,'0.33'),(1929,2018,9,'5083A',0.9400000,'0.94'),(1930,2018,10,'5083A',0.3170000,'0.317'),(1931,2018,11,'5083A',1.0000000,'1'),(1932,2018,12,'5083A',1.0000000,'1'),(1933,2018,13,'5083A',1.0000000,'1'),(1934,2018,14,'5083A',0.9060000,'0.906'),(1935,2018,15,'5083A',1.0000000,'1'),(1936,2018,16,'5083A',1.0000000,'1'),(1937,2018,17,'5083A',1.0000000,'1'),(1938,2018,18,'5083A',1.0000000,'1'),(1939,2018,19,'5083A',0.0000000,'0'),(1940,2018,20,'5083A',1.0000000,'1'),(1941,2018,21,'5083A',1.0000000,'1'),(1942,2018,22,'5083A',0.9450000,'0.945'),(1943,2018,23,'5083A',0.9860000,'0.986'),(1944,2018,24,'5083A',0.0920000,'0.092'),(1945,2018,25,'5083A',1.0000000,'1'),(1946,2018,26,'5083A',1.0000000,'1'),(1947,2018,27,'5083A',1.0000000,'1'),(1948,2018,28,'5083A',1.0000000,'1'),(1949,2018,29,'5083A',1.0000000,'1'),(1950,2018,30,'5083A',1.0000000,'1'),(1951,2018,1,'5083B',0.0000000,'0'),(1952,2018,2,'5083B',0.0000000,'0'),(1953,2018,3,'5083B',1.0000000,'1'),(1954,2018,4,'5083B',1.0000000,'1'),(1955,2018,5,'5083B',0.9910000,'0.991'),(1956,2018,6,'5083B',0.0860000,'0.086'),(1957,2018,7,'5083B',0.0000000,'0'),(1958,2018,8,'5083B',0.3300000,'0.33'),(1959,2018,9,'5083B',0.9400000,'0.94'),(1960,2018,10,'5083B',0.3170000,'0.317'),(1961,2018,11,'5083B',1.0000000,'1'),(1962,2018,12,'5083B',1.0000000,'1'),(1963,2018,13,'5083B',1.0000000,'1'),(1964,2018,14,'5083B',0.0010000,'0.001'),(1965,2018,15,'5083B',1.0000000,'1'),(1966,2018,16,'5083B',1.0000000,'1'),(1967,2018,17,'5083B',1.0000000,'1'),(1968,2018,18,'5083B',1.0000000,'1'),(1969,2018,19,'5083B',0.0000000,'0'),(1970,2018,20,'5083B',1.0000000,'1'),(1971,2018,21,'5083B',1.0000000,'1'),(1972,2018,22,'5083B',0.0140000,'0.014'),(1973,2018,23,'5083B',0.9860000,'0.986'),(1974,2018,24,'5083B',0.0920000,'0.092'),(1975,2018,25,'5083B',0.0000000,'0'),(1976,2018,26,'5083B',1.0000000,'1'),(1977,2018,27,'5083B',1.0000000,'1'),(1978,2018,28,'5083B',1.0000000,'1'),(1979,2018,29,'5083B',1.0000000,'1'),(1980,2018,30,'5083B',1.0000000,'1'),(1981,2018,1,'60116A',0.0000000,'0'),(1982,2018,2,'60116A',0.0000000,'0'),(1983,2018,3,'60116A',1.0000000,'1'),(1984,2018,4,'60116A',1.0000000,'1'),(1985,2018,5,'60116A',0.9910000,'0.991'),(1986,2018,6,'60116A',0.2430000,'0.243'),(1987,2018,7,'60116A',0.0000000,'0'),(1988,2018,8,'60116A',0.5000000,'0.5'),(1989,2018,9,'60116A',0.9650000,'0.965'),(1990,2018,10,'60116A',0.7400000,'0.74'),(1991,2018,11,'60116A',1.0000000,'1'),(1992,2018,12,'60116A',0.0000000,'0'),(1993,2018,13,'60116A',1.0000000,'1'),(1994,2018,14,'60116A',0.7570000,'0.757'),(1995,2018,15,'60116A',1.0000000,'1'),(1996,2018,16,'60116A',1.0000000,'1'),(1997,2018,17,'60116A',0.0000000,'0'),(1998,2018,18,'60116A',1.0000000,'1'),(1999,2018,19,'60116A',0.0000000,'0'),(2000,2018,20,'60116A',1.0000000,'1'),(2001,2018,21,'60116A',1.0000000,'1'),(2002,2018,22,'60116A',0.9450000,'0.945'),(2003,2018,23,'60116A',0.9860000,'0.986'),(2004,2018,24,'60116A',0.5770000,'0.577'),(2005,2018,25,'60116A',0.0000000,'0'),(2006,2018,26,'60116A',1.0000000,'1'),(2007,2018,27,'60116A',1.0000000,'1'),(2008,2018,28,'60116A',1.0000000,'1'),(2009,2018,29,'60116A',0.0000000,'0'),(2010,2018,30,'60116A',1.0000000,'1'),(2011,2018,1,'60116B',0.0000000,'0'),(2012,2018,2,'60116B',0.0000000,'0'),(2013,2018,3,'60116B',1.0000000,'1'),(2014,2018,4,'60116B',1.0000000,'1'),(2015,2018,5,'60116B',0.9910000,'0.991'),(2016,2018,6,'60116B',0.2430000,'0.243'),(2017,2018,7,'60116B',0.0000000,'0'),(2018,2018,8,'60116B',0.5000000,'0.5'),(2019,2018,9,'60116B',0.9650000,'0.965'),(2020,2018,10,'60116B',0.7400000,'0.74'),(2021,2018,11,'60116B',0.0000000,'0'),(2022,2018,12,'60116B',0.0000000,'0'),(2023,2018,13,'60116B',1.0000000,'1'),(2024,2018,14,'60116B',0.0010000,'0.001'),(2025,2018,15,'60116B',1.0000000,'1'),(2026,2018,16,'60116B',1.0000000,'1'),(2027,2018,17,'60116B',1.0000000,'1'),(2028,2018,18,'60116B',1.0000000,'1'),(2029,2018,19,'60116B',0.0000000,'0'),(2030,2018,20,'60116B',1.0000000,'1'),(2031,2018,21,'60116B',1.0000000,'1'),(2032,2018,22,'60116B',0.0140000,'0.014'),(2033,2018,23,'60116B',0.9860000,'0.986'),(2034,2018,24,'60116B',0.5770000,'0.577'),(2035,2018,25,'60116B',0.0000000,'0'),(2036,2018,26,'60116B',1.0000000,'1'),(2037,2018,27,'60116B',1.0000000,'1'),(2038,2018,28,'60116B',1.0000000,'1'),(2039,2018,29,'60116B',0.0000000,'0'),(2040,2018,30,'60116B',1.0000000,'1'),(2041,2018,1,'6042A',0.0000000,'0'),(2042,2018,2,'6042A',0.0000000,'0'),(2043,2018,3,'6042A',1.0000000,'1'),(2044,2018,4,'6042A',1.0000000,'1'),(2045,2018,5,'6042A',0.9910000,'0.991'),(2046,2018,6,'6042A',0.0180000,'0.018'),(2047,2018,7,'6042A',0.0000000,'0'),(2048,2018,8,'6042A',0.3300000,'0.33'),(2049,2018,9,'6042A',0.1170000,'0.117'),(2050,2018,10,'6042A',0.9910000,'0.991'),(2051,2018,11,'6042A',1.0000000,'1'),(2052,2018,12,'6042A',0.0000000,'0'),(2053,2018,13,'6042A',1.0000000,'1'),(2054,2018,14,'6042A',0.9940000,'0.994'),(2055,2018,15,'6042A',1.0000000,'1'),(2056,2018,16,'6042A',1.0000000,'1'),(2057,2018,17,'6042A',1.0000000,'1'),(2058,2018,18,'6042A',1.0000000,'1'),(2059,2018,19,'6042A',0.0000000,'0'),(2060,2018,20,'6042A',1.0000000,'1'),(2061,2018,21,'6042A',1.0000000,'1'),(2062,2018,22,'6042A',0.0550000,'0.055'),(2063,2018,23,'6042A',0.9860000,'0.986'),(2064,2018,24,'6042A',0.3670000,'0.367'),(2065,2018,25,'6042A',0.0000000,'0'),(2066,2018,26,'6042A',1.0000000,'1'),(2067,2018,27,'6042A',1.0000000,'1'),(2068,2018,28,'6042A',1.0000000,'1'),(2069,2018,29,'6042A',0.0000000,'0'),(2070,2018,30,'6042A',1.0000000,'1'),(2071,2018,1,'6041A',0.0000000,'0'),(2072,2018,2,'6041A',0.0000000,'0'),(2073,2018,3,'6041A',1.0000000,'1'),(2074,2018,4,'6041A',1.0000000,'1'),(2075,2018,5,'6041A',0.9910000,'0.991'),(2076,2018,6,'6041A',0.2430000,'0.243'),(2077,2018,7,'6041A',0.0000000,'0'),(2078,2018,8,'6041A',0.5000000,'0.5'),(2079,2018,9,'6041A',0.9650000,'0.965'),(2080,2018,10,'6041A',0.7400000,'0.74'),(2081,2018,11,'6041A',1.0000000,'1'),(2082,2018,12,'6041A',0.0000000,'0'),(2083,2018,13,'6041A',1.0000000,'1'),(2084,2018,14,'6041A',0.1210000,'0.121'),(2085,2018,15,'6041A',1.0000000,'1'),(2086,2018,16,'6041A',1.0000000,'1'),(2087,2018,17,'6041A',1.0000000,'1'),(2088,2018,18,'6041A',1.0000000,'1'),(2089,2018,19,'6041A',0.0000000,'0'),(2090,2018,20,'6041A',1.0000000,'1'),(2091,2018,21,'6041A',1.0000000,'1'),(2092,2018,22,'6041A',0.9450000,'0.945'),(2093,2018,23,'6041A',0.9860000,'0.986'),(2094,2018,24,'6041A',0.0410000,'0.041'),(2095,2018,25,'6041A',0.0000000,'0'),(2096,2018,26,'6041A',1.0000000,'1'),(2097,2018,27,'6041A',1.0000000,'1'),(2098,2018,28,'6041A',1.0000000,'1'),(2099,2018,29,'6041A',0.0000000,'0'),(2100,2018,30,'6041A',1.0000000,'1'),(2101,2018,1,'6041B',0.0000000,'0'),(2102,2018,2,'6041B',0.0000000,'0'),(2103,2018,3,'6041B',1.0000000,'1'),(2104,2018,4,'6041B',1.0000000,'1'),(2105,2018,5,'6041B',0.9910000,'0.991'),(2106,2018,6,'6041B',0.0180000,'0.018'),(2107,2018,7,'6041B',0.0000000,'0'),(2108,2018,8,'6041B',0.3300000,'0.33'),(2109,2018,9,'6041B',0.1170000,'0.117'),(2110,2018,10,'6041B',0.9910000,'0.991'),(2111,2018,11,'6041B',1.0000000,'1'),(2112,2018,12,'6041B',0.0000000,'0'),(2113,2018,13,'6041B',1.0000000,'1'),(2114,2018,14,'6041B',0.0010000,'0.001'),(2115,2018,15,'6041B',1.0000000,'1'),(2116,2018,16,'6041B',1.0000000,'1'),(2117,2018,17,'6041B',1.0000000,'1'),(2118,2018,18,'6041B',1.0000000,'1'),(2119,2018,19,'6041B',0.0000000,'0'),(2120,2018,20,'6041B',1.0000000,'1'),(2121,2018,21,'6041B',1.0000000,'1'),(2122,2018,22,'6041B',0.0140000,'0.014'),(2123,2018,23,'6041B',0.9860000,'0.986'),(2124,2018,24,'6041B',0.0410000,'0.041'),(2125,2018,25,'6041B',0.0000000,'0'),(2126,2018,26,'6041B',1.0000000,'1'),(2127,2018,27,'6041B',1.0000000,'1'),(2128,2018,28,'6041B',1.0000000,'1'),(2129,2018,29,'6041B',0.0000000,'0'),(2130,2018,30,'6041B',1.0000000,'1'),(2131,2018,1,'6041C',0.0000000,'0'),(2132,2018,2,'6041C',0.0000000,'0'),(2133,2018,3,'6041C',1.0000000,'1'),(2134,2018,4,'6041C',1.0000000,'1'),(2135,2018,5,'6041C',0.9910000,'0.991'),(2136,2018,6,'6041C',0.2430000,'0.243'),(2137,2018,7,'6041C',0.0000000,'0'),(2138,2018,8,'6041C',0.5000000,'0.5'),(2139,2018,9,'6041C',0.9650000,'0.965'),(2140,2018,10,'6041C',0.7400000,'0.74'),(2141,2018,11,'6041C',1.0000000,'1'),(2142,2018,12,'6041C',0.0000000,'0'),(2143,2018,13,'6041C',1.0000000,'1'),(2144,2018,14,'6041C',0.0060000,'0.006'),(2145,2018,15,'6041C',1.0000000,'1'),(2146,2018,16,'6041C',1.0000000,'1'),(2147,2018,17,'6041C',0.0000000,'0'),(2148,2018,18,'6041C',1.0000000,'1'),(2149,2018,19,'6041C',0.0000000,'0'),(2150,2018,20,'6041C',1.0000000,'1'),(2151,2018,21,'6041C',1.0000000,'1'),(2152,2018,22,'6041C',0.0550000,'0.055'),(2153,2018,23,'6041C',0.9860000,'0.986'),(2154,2018,24,'6041C',0.0410000,'0.041'),(2155,2018,25,'6041C',0.0000000,'0'),(2156,2018,26,'6041C',1.0000000,'1'),(2157,2018,27,'6041C',1.0000000,'1'),(2158,2018,28,'6041C',1.0000000,'1'),(2159,2018,29,'6041C',0.0000000,'0'),(2160,2018,30,'6041C',1.0000000,'1'),(2161,2018,1,'6041D',0.0000000,'0'),(2162,2018,2,'6041D',0.0000000,'0'),(2163,2018,3,'6041D',1.0000000,'1'),(2164,2018,4,'6041D',1.0000000,'1'),(2165,2018,5,'6041D',0.9910000,'0.991'),(2166,2018,6,'6041D',0.0180000,'0.018'),(2167,2018,7,'6041D',0.0000000,'0'),(2168,2018,8,'6041D',0.3300000,'0.33'),(2169,2018,9,'6041D',0.1170000,'0.117'),(2170,2018,10,'6041D',0.9910000,'0.991'),(2171,2018,11,'6041D',0.0000000,'0'),(2172,2018,12,'6041D',0.0000000,'0'),(2173,2018,13,'6041D',1.0000000,'1'),(2174,2018,14,'6041D',0.0550000,'0.055'),(2175,2018,15,'6041D',1.0000000,'1'),(2176,2018,16,'6041D',1.0000000,'1'),(2177,2018,17,'6041D',1.0000000,'1'),(2178,2018,18,'6041D',1.0000000,'1'),(2179,2018,19,'6041D',0.0000000,'0'),(2180,2018,20,'6041D',1.0000000,'1'),(2181,2018,21,'6041D',1.0000000,'1'),(2182,2018,22,'6041D',0.0140000,'0.014'),(2183,2018,23,'6041D',0.9860000,'0.986'),(2184,2018,24,'6041D',0.0410000,'0.041'),(2185,2018,25,'6041D',0.0000000,'0'),(2186,2018,26,'6041D',1.0000000,'1'),(2187,2018,27,'6041D',1.0000000,'1'),(2188,2018,28,'6041D',1.0000000,'1'),(2189,2018,29,'6041D',0.0000000,'0'),(2190,2018,30,'6041D',1.0000000,'1'),(2191,2018,1,'6041E',0.0000000,'0'),(2192,2018,2,'6041E',0.0000000,'0'),(2193,2018,3,'6041E',1.0000000,'1'),(2194,2018,4,'6041E',1.0000000,'1'),(2195,2018,5,'6041E',0.9910000,'0.991'),(2196,2018,6,'6041E',0.0180000,'0.018'),(2197,2018,7,'6041E',0.0000000,'0'),(2198,2018,8,'6041E',0.3300000,'0.33'),(2199,2018,9,'6041E',0.1170000,'0.117'),(2200,2018,10,'6041E',0.9910000,'0.991'),(2201,2018,11,'6041E',1.0000000,'1'),(2202,2018,12,'6041E',0.0000000,'0'),(2203,2018,13,'6041E',1.0000000,'1'),(2204,2018,14,'6041E',0.5000000,'0.5'),(2205,2018,15,'6041E',1.0000000,'1'),(2206,2018,16,'6041E',1.0000000,'1'),(2207,2018,17,'6041E',1.0000000,'1'),(2208,2018,18,'6041E',1.0000000,'1'),(2209,2018,19,'6041E',0.0000000,'0'),(2210,2018,20,'6041E',1.0000000,'1'),(2211,2018,21,'6041E',1.0000000,'1'),(2212,2018,22,'6041E',0.0550000,'0.055'),(2213,2018,23,'6041E',0.9860000,'0.986'),(2214,2018,24,'6041E',0.0410000,'0.041'),(2215,2018,25,'6041E',0.0000000,'0'),(2216,2018,26,'6041E',1.0000000,'1'),(2217,2018,27,'6041E',1.0000000,'1'),(2218,2018,28,'6041E',1.0000000,'1'),(2219,2018,29,'6041E',0.0000000,'0'),(2220,2018,30,'6041E',1.0000000,'1'),(2221,2019,1,'3075A',1.0000000,'NO'),(2222,2019,2,'3075A',1.0000000,'NO'),(2223,2019,3,'3075A',0.0000000,'SI'),(2224,2019,4,'3075A',1.0000000,'NO'),(2225,2019,5,'3075A',0.8050000,'<50'),(2226,2019,6,'3075A',0.0150000,'94'),(2227,2019,7,'3075A',1.0000000,'NO'),(2228,2019,8,'3075A',0.4470000,'0.77'),(2229,2019,9,'3075A',0.9890000,'51'),(2230,2019,10,'3075A',0.9910000,'4'),(2231,2019,11,'3075A',1.0000000,'NO'),(2232,2019,12,'3075A',1.0000000,'NO'),(2233,2019,13,'3075A',1.0000000,'NO'),(2234,2019,14,'3075A',0.0110000,'170'),(2235,2019,15,'3075A',1.0000000,'NO'),(2236,2019,16,'3075A',1.0000000,'NO'),(2237,2019,17,'3075A',1.0000000,'NO'),(2238,2019,18,'3075A',0.0000000,'SI'),(2239,2019,19,'3075A',1.0000000,'NO'),(2240,2019,20,'3075A',1.0000000,'NO'),(2241,2019,21,'3075A',1.0000000,'NO'),(2242,2019,22,'3075A',0.0140000,'<10'),(2243,2019,23,'3075A',0.9860000,'>40'),(2244,2019,24,'3075A',0.2040000,'59.57'),(2245,2019,25,'3075A',1.0000000,'NO'),(2246,2019,26,'3075A',1.0000000,'NO'),(2247,2019,27,'3075A',0.0000000,'NO'),(2248,2019,28,'3075A',1.0000000,'SI'),(2249,2019,29,'3075A',1.0000000,'SI'),(2250,2019,30,'3075A',1.0000000,'SI'),(2251,2019,1,'3034B',1.0000000,'NO'),(2252,2019,2,'3034B',1.0000000,'NO'),(2253,2019,3,'3034B',0.0000000,'SI'),(2254,2019,4,'3034B',1.0000000,'NO'),(2255,2019,5,'3034B',0.9910000,'0'),(2256,2019,6,'3034B',0.0120000,'96'),(2257,2019,7,'3034B',1.0000000,'NO'),(2258,2019,8,'3034B',0.3300000,'0.7'),(2259,2019,9,'3034B',0.9770000,'89'),(2260,2019,10,'3034B',0.9910000,'6'),(2261,2019,11,'3034B',1.0000000,'NO'),(2262,2019,12,'3034B',1.0000000,'NO'),(2263,2019,13,'3034B',1.0000000,'NO'),(2264,2019,14,'3034B',0.0340000,'190'),(2265,2019,15,'3034B',1.0000000,'NO'),(2266,2019,16,'3034B',1.0000000,'NO'),(2267,2019,17,'3034B',1.0000000,'NO'),(2268,2019,18,'3034B',0.0000000,'SI'),(2269,2019,19,'3034B',0.0000000,'SI'),(2270,2019,20,'3034B',1.0000000,'NO'),(2271,2019,21,'3034B',1.0000000,'NO'),(2272,2019,22,'3034B',0.0140000,'<10'),(2273,2019,23,'3034B',0.9860000,'>40'),(2274,2019,24,'3034B',0.0720000,'67.95'),(2275,2019,25,'3034B',1.0000000,'NO'),(2276,2019,26,'3034B',1.0000000,'NO'),(2277,2019,27,'3034B',0.0000000,'NO'),(2278,2019,28,'3034B',0.0000000,'NO'),(2279,2019,29,'3034B',1.0000000,'SI'),(2280,2019,30,'3034B',1.0000000,'SI'),(2281,2019,1,'30111A',1.0000000,'NO'),(2282,2019,2,'30111A',1.0000000,'NO'),(2283,2019,3,'30111A',0.0000000,'SI'),(2284,2019,4,'30111A',1.0000000,'NO'),(2285,2019,5,'30111A',0.1950000,'>50'),(2286,2019,6,'30111A',0.0450000,'82'),(2287,2019,7,'30111A',1.0000000,'NO'),(2288,2019,8,'30111A',0.2430000,'0.64'),(2289,2019,9,'30111A',0.9920000,'33'),(2290,2019,10,'30111A',0.9910000,'1'),(2291,2019,11,'30111A',1.0000000,'NO'),(2292,2019,12,'30111A',1.0000000,'NO'),(2293,2019,13,'30111A',1.0000000,'NO'),(2294,2019,14,'30111A',0.0110000,'170'),(2295,2019,15,'30111A',1.0000000,'NO'),(2296,2019,16,'30111A',1.0000000,'NO'),(2297,2019,17,'30111A',0.0000000,'SI'),(2298,2019,18,'30111A',0.0000000,'SI'),(2299,2019,19,'30111A',0.0000000,'SI'),(2300,2019,20,'30111A',1.0000000,'NO'),(2301,2019,21,'30111A',1.0000000,'NO'),(2302,2019,22,'30111A',0.0140000,'<10'),(2303,2019,23,'30111A',0.5000000,'<40'),(2304,2019,24,'30111A',0.1520000,'62.08'),(2305,2019,25,'30111A',1.0000000,'NO'),(2306,2019,26,'30111A',1.0000000,'NO'),(2307,2019,27,'30111A',1.0000000,'SI'),(2308,2019,28,'30111A',0.0000000,'NO'),(2309,2019,29,'30111A',1.0000000,'SI '),(2310,2019,30,'30111A',1.0000000,'SI'),(2311,2019,1,'3082A',1.0000000,'NO'),(2312,2019,2,'3082A',1.0000000,'NO'),(2313,2019,3,'3082A',0.0000000,'SI'),(2314,2019,4,'3082A',1.0000000,'NO'),(2315,2019,5,'3082A',0.8050000,'<50'),(2316,2019,6,'3082A',0.0450000,'82'),(2317,2019,7,'3082A',1.0000000,'NO'),(2318,2019,8,'3082A',0.2430000,'0.64'),(2319,2019,9,'3082A',0.9920000,'33'),(2320,2019,10,'3082A',0.9910000,'3'),(2321,2019,11,'3082A',1.0000000,'NO'),(2322,2019,12,'3082A',1.0000000,'NO'),(2323,2019,13,'3082A',1.0000000,'NO'),(2324,2019,14,'3082A',0.0110000,'170'),(2325,2019,15,'3082A',1.0000000,'NO'),(2326,2019,16,'3082A',1.0000000,'NO'),(2327,2019,17,'3082A',0.0000000,'SI'),(2328,2019,18,'3082A',0.0000000,'SI'),(2329,2019,19,'3082A',0.0000000,'SI'),(2330,2019,20,'3082A',1.0000000,'NO'),(2331,2019,21,'3082A',1.0000000,'NO'),(2332,2019,22,'3082A',0.0140000,'<10'),(2333,2019,23,'3082A',0.9860000,'>40'),(2334,2019,24,'3082A',0.4140000,'52.4'),(2335,2019,25,'3082A',1.0000000,'NO'),(2336,2019,26,'3082A',1.0000000,'NO'),(2337,2019,27,'3082A',1.0000000,'SI'),(2338,2019,28,'3082A',1.0000000,'SI'),(2339,2019,29,'3082A',0.0000000,'NO'),(2340,2019,30,'3082A',1.0000000,'SI'),(2341,2019,1,'3058A',1.0000000,'NO'),(2342,2019,2,'3058A',1.0000000,'NO'),(2343,2019,3,'3058A',1.0000000,'NO'),(2344,2019,4,'3058A',1.0000000,'NO'),(2345,2019,5,'3058A',0.9910000,'0'),(2346,2019,6,'3058A',0.6340000,'44'),(2347,2019,7,'3058A',1.0000000,'NO'),(2348,2019,8,'3058A',0.1740000,'0.58'),(2349,2019,9,'3058A',0.9090000,'161'),(2350,2019,10,'3058A',0.9910000,'0'),(2351,2019,11,'3058A',1.0000000,'NO'),(2352,2019,12,'3058A',1.0000000,'NO'),(2353,2019,13,'3058A',1.0000000,'NO'),(2354,2019,14,'3058A',0.0580000,'200'),(2355,2019,15,'3058A',1.0000000,'NO'),(2356,2019,16,'3058A',1.0000000,'NO'),(2357,2019,17,'3058A',1.0000000,'NO'),(2358,2019,18,'3058A',0.0000000,'SI'),(2359,2019,19,'3058A',1.0000000,'NO'),(2360,2019,20,'3058A',1.0000000,'NO'),(2361,2019,21,'3058A',1.0000000,'NO'),(2362,2019,22,'3058A',0.0140000,'<10'),(2363,2019,23,'3058A',0.9860000,'>40'),(2364,2019,24,'3058A',0.5330000,'49.03'),(2365,2019,25,'3058A',1.0000000,'NO'),(2366,2019,26,'3058A',1.0000000,'NO'),(2367,2019,27,'3058A',0.0000000,'NO'),(2368,2019,28,'3058A',0.0000000,'NO'),(2369,2019,29,'3058A',1.0000000,'SI'),(2370,2019,30,'3058A',1.0000000,'SI'),(2371,2019,1,'3052A',1.0000000,'NO'),(2372,2019,2,'3052A',1.0000000,'NO'),(2373,2019,3,'3052A',1.0000000,'NO'),(2374,2019,4,'3052A',1.0000000,'NO'),(2375,2019,5,'3052A',0.9910000,'0'),(2376,2019,6,'3052A',0.6340000,'44'),(2377,2019,7,'3052A',1.0000000,'NO'),(2378,2019,8,'3052A',0.1740000,'0.58'),(2379,2019,9,'3052A',0.9090000,'161'),(2380,2019,10,'3052A',0.9910000,'0'),(2381,2019,11,'3052A',1.0000000,'NO'),(2382,2019,12,'3052A',1.0000000,'NO'),(2383,2019,13,'3052A',1.0000000,'NO'),(2384,2019,14,'3052A',0.0580000,'200'),(2385,2019,15,'3052A',1.0000000,'NO'),(2386,2019,16,'3052A',1.0000000,'NO'),(2387,2019,17,'3052A',1.0000000,'NO'),(2388,2019,18,'3052A',0.0000000,'SI'),(2389,2019,19,'3052A',1.0000000,'NO'),(2390,2019,20,'3052A',1.0000000,'NO'),(2391,2019,21,'3052A',1.0000000,'NO'),(2392,2019,22,'3052A',0.0140000,'<10'),(2393,2019,23,'3052A',0.9860000,'>40'),(2394,2019,24,'3052A',0.3270000,'55.04'),(2395,2019,25,'3052A',1.0000000,'NO'),(2396,2019,26,'3052A',1.0000000,'NO'),(2397,2019,27,'3052A',0.0000000,'NO'),(2398,2019,28,'3052A',1.0000000,'SI'),(2399,2019,29,'3052A',1.0000000,'SI'),(2400,2019,30,'3052A',1.0000000,'SI'),(2401,2019,1,'3054A',1.0000000,'NO'),(2402,2019,2,'3054A',1.0000000,'NO'),(2403,2019,3,'3054A',0.0000000,'SI'),(2404,2019,4,'3054A',1.0000000,'NO'),(2405,2019,5,'3054A',0.8050000,'<50'),(2406,2019,6,'3054A',0.6340000,'44'),(2407,2019,7,'3054A',1.0000000,'NO'),(2408,2019,8,'3054A',0.1740000,'0.58'),(2409,2019,9,'3054A',0.9090000,'161'),(2410,2019,10,'3054A',0.9910000,'0'),(2411,2019,11,'3054A',1.0000000,'NO'),(2412,2019,12,'3054A',1.0000000,'NO'),(2413,2019,13,'3054A',1.0000000,'NO'),(2414,2019,14,'3054A',0.0340000,'190'),(2415,2019,15,'3054A',1.0000000,'NO'),(2416,2019,16,'3054A',1.0000000,'NO'),(2417,2019,17,'3054A',1.0000000,'NO'),(2418,2019,18,'3054A',0.0000000,'SI'),(2419,2019,19,'3054A',0.0000000,'SI'),(2420,2019,20,'3054A',1.0000000,'NO'),(2421,2019,21,'3054A',1.0000000,'NO'),(2422,2019,22,'3054A',0.0140000,'<10'),(2423,2019,23,'3054A',0.9860000,'>40'),(2424,2019,24,'3054A',0.6080000,'46.87'),(2425,2019,25,'3054A',1.0000000,'NO'),(2426,2019,26,'3054A',1.0000000,'NO'),(2427,2019,27,'3054A',0.0000000,'NO'),(2428,2019,28,'3054A',0.0000000,'NO'),(2429,2019,29,'3054A',1.0000000,'SI'),(2430,2019,30,'3054A',1.0000000,'SI'),(2431,2019,1,'3022A',1.0000000,'NO'),(2432,2019,2,'3022A',1.0000000,'NO'),(2433,2019,3,'3022A',0.0000000,'SI'),(2434,2019,4,'3022A',1.0000000,'NO'),(2435,2019,5,'3022A',0.8050000,'<50'),(2436,2019,6,'3022A',0.0280000,'87'),(2437,2019,7,'3022A',1.0000000,'NO'),(2438,2019,8,'3022A',0.3620000,'0.72'),(2439,2019,9,'3022A',0.9810000,'78'),(2440,2019,10,'3022A',0.9910000,'3'),(2441,2019,11,'3022A',1.0000000,'NO'),(2442,2019,12,'3022A',1.0000000,'NO'),(2443,2019,13,'3022A',1.0000000,'NO'),(2444,2019,14,'3022A',0.0340000,'190'),(2445,2019,15,'3022A',1.0000000,'NO'),(2446,2019,16,'3022A',1.0000000,'NO'),(2447,2019,17,'3022A',0.0000000,'SI'),(2448,2019,18,'3022A',0.0000000,'SI'),(2449,2019,19,'3022A',0.0000000,'SI'),(2450,2019,20,'3022A',1.0000000,'NO'),(2451,2019,21,'3022A',1.0000000,'NO'),(2452,2019,22,'3022A',0.0140000,'<10'),(2453,2019,23,'3022A',0.9860000,'>40'),(2454,2019,24,'3022A',0.3210000,'55.23'),(2455,2019,25,'3022A',1.0000000,'NO'),(2456,2019,26,'3022A',1.0000000,'NO'),(2457,2019,27,'3022A',0.0000000,'NO'),(2458,2019,28,'3022A',0.0000000,'NO'),(2459,2019,29,'3022A',1.0000000,'SI'),(2460,2019,30,'3022A',1.0000000,'SI'),(2461,2019,1,'3023A',1.0000000,'NO'),(2462,2019,2,'3023A',1.0000000,'NO'),(2463,2019,3,'3023A',0.0000000,'SI'),(2464,2019,4,'3023A',1.0000000,'NO'),(2465,2019,5,'3023A',0.8050000,'<50'),(2466,2019,6,'3023A',0.0280000,'87'),(2467,2019,7,'3023A',1.0000000,'NO'),(2468,2019,8,'3023A',0.3620000,'0.72'),(2469,2019,9,'3023A',0.9810000,'78'),(2470,2019,10,'3023A',0.9910000,'3'),(2471,2019,11,'3023A',1.0000000,'NO'),(2472,2019,12,'3023A',1.0000000,'NO'),(2473,2019,13,'3023A',1.0000000,'NO'),(2474,2019,14,'3023A',0.0340000,'190'),(2475,2019,15,'3023A',1.0000000,'NO'),(2476,2019,16,'3023A',1.0000000,'NO'),(2477,2019,17,'3023A',1.0000000,'NO'),(2478,2019,18,'3023A',0.0000000,'SI'),(2479,2019,19,'3023A',0.0000000,'SI'),(2480,2019,20,'3023A',1.0000000,'NO'),(2481,2019,21,'3023A',1.0000000,'NO'),(2482,2019,22,'3023A',0.0140000,'<10'),(2483,2019,23,'3023A',0.9860000,'>40'),(2484,2019,24,'3023A',0.2570000,'57.44'),(2485,2019,25,'3023A',1.0000000,'NO'),(2486,2019,26,'3023A',1.0000000,'NO'),(2487,2019,27,'3023A',1.0000000,'SI'),(2488,2019,28,'3023A',1.0000000,'SI'),(2489,2019,29,'3023A',0.0000000,'NO'),(2490,2019,30,'3023A',1.0000000,'SI'),(2491,2019,1,'30511A',1.0000000,'NO'),(2492,2019,2,'30511A',1.0000000,'NO'),(2493,2019,3,'30511A',1.0000000,'NO'),(2494,2019,4,'30511A',1.0000000,'NO'),(2495,2019,5,'30511A',0.9910000,'0'),(2496,2019,6,'30511A',0.6340000,'44'),(2497,2019,7,'30511A',1.0000000,'NO'),(2498,2019,8,'30511A',0.1740000,'0.58'),(2499,2019,9,'30511A',0.9090000,'161'),(2500,2019,10,'30511A',0.9910000,'0'),(2501,2019,11,'30511A',1.0000000,'NO'),(2502,2019,12,'30511A',1.0000000,'NO'),(2503,2019,13,'30511A',1.0000000,'NO'),(2504,2019,14,'30511A',0.0580000,'200'),(2505,2019,15,'30511A',1.0000000,'NO'),(2506,2019,16,'30511A',1.0000000,'NO'),(2507,2019,17,'30511A',1.0000000,'NO'),(2508,2019,18,'30511A',0.0000000,'SI'),(2509,2019,19,'30511A',1.0000000,'NO'),(2510,2019,20,'30511A',1.0000000,'NO'),(2511,2019,21,'30511A',1.0000000,'NO'),(2512,2019,22,'30511A',0.0140000,'<10'),(2513,2019,23,'30511A',0.9860000,'>40'),(2514,2019,24,'30511A',0.2970000,'56.04'),(2515,2019,25,'30511A',1.0000000,'NO'),(2516,2019,26,'30511A',1.0000000,'NO'),(2517,2019,27,'30511A',0.0000000,'NO'),(2518,2019,28,'30511A',1.0000000,'SI '),(2519,2019,29,'30511A',1.0000000,'SI'),(2520,2019,30,'30511A',1.0000000,'SI'),(2521,2019,1,'3082B',1.0000000,'NO'),(2522,2019,2,'3082B',1.0000000,'NO'),(2523,2019,3,'3082B',0.0000000,'SI'),(2524,2019,4,'3082B',1.0000000,'NO'),(2525,2019,5,'3082B',0.8050000,'<50'),(2526,2019,6,'3082B',0.0450000,'82'),(2527,2019,7,'3082B',1.0000000,'NO'),(2528,2019,8,'3082B',0.2430000,'0.64'),(2529,2019,9,'3082B',0.9920000,'33'),(2530,2019,10,'3082B',0.9910000,'0'),(2531,2019,11,'3082B',1.0000000,'NO'),(2532,2019,12,'3082B',1.0000000,'NO'),(2533,2019,13,'3082B',1.0000000,'NO'),(2534,2019,14,'3082B',0.0110000,'170'),(2535,2019,15,'3082B',1.0000000,'NO'),(2536,2019,16,'3082B',1.0000000,'NO'),(2537,2019,17,'3082B',0.0000000,'SI'),(2538,2019,18,'3082B',0.0000000,'SI'),(2539,2019,19,'3082B',0.0000000,'SI'),(2540,2019,20,'3082B',0.0000000,'SI'),(2541,2019,21,'3082B',1.0000000,'NO'),(2542,2019,22,'3082B',0.0140000,'<10'),(2543,2019,23,'3082B',0.9860000,'>40'),(2544,2019,24,'3082B',0.4140000,'52.4'),(2545,2019,25,'3082B',1.0000000,'NO'),(2546,2019,26,'3082B',1.0000000,'NO'),(2547,2019,27,'3082B',1.0000000,'SI'),(2548,2019,28,'3082B',1.0000000,'SI'),(2549,2019,29,'3082B',0.0000000,'NO'),(2550,2019,30,'3082B',1.0000000,'SI'),(2551,2019,1,'3082C',1.0000000,'NO'),(2552,2019,2,'3082C',1.0000000,'NO'),(2553,2019,3,'3082C',0.0000000,'SI'),(2554,2019,4,'3082C',1.0000000,'NO'),(2555,2019,5,'3082C',0.8050000,'<50'),(2556,2019,6,'3082C',0.0450000,'82'),(2557,2019,7,'3082C',1.0000000,'NO'),(2558,2019,8,'3082C',0.2430000,'0.64'),(2559,2019,9,'3082C',0.9920000,'33'),(2560,2019,10,'3082C',0.9910000,'0'),(2561,2019,11,'3082C',0.0000000,'SI'),(2562,2019,12,'3082C',0.0000000,'SI'),(2563,2019,13,'3082C',1.0000000,'NO'),(2564,2019,14,'3082C',0.0340000,'190'),(2565,2019,15,'3082C',1.0000000,'NO'),(2566,2019,16,'3082C',1.0000000,'NO'),(2567,2019,17,'3082C',1.0000000,'NO'),(2568,2019,18,'3082C',0.0000000,'SI'),(2569,2019,19,'3082C',0.0000000,'SI'),(2570,2019,20,'3082C',1.0000000,'NO'),(2571,2019,21,'3082C',1.0000000,'NO'),(2572,2019,22,'3082C',0.0140000,'<10'),(2573,2019,23,'3082C',0.9860000,'>40'),(2574,2019,24,'3082C',0.4140000,'52.4'),(2575,2019,25,'3082C',1.0000000,'NO'),(2576,2019,26,'3082C',1.0000000,'NO'),(2577,2019,27,'3082C',0.0000000,'NO'),(2578,2019,28,'3082C',1.0000000,'SI'),(2579,2019,29,'3082C',0.0000000,'NO'),(2580,2019,30,'3082C',0.0000000,'NO'),(2581,2019,1,'3082D',1.0000000,'NO'),(2582,2019,2,'3082D',1.0000000,'NO'),(2583,2019,3,'3082D',0.0000000,'SI'),(2584,2019,4,'3082D',1.0000000,'NO'),(2585,2019,5,'3082D',0.8050000,'<50'),(2586,2019,6,'3082D',0.0450000,'82'),(2587,2019,7,'3082D',1.0000000,'NO'),(2588,2019,8,'3082D',0.2430000,'0.64'),(2589,2019,9,'3082D',0.9920000,'33'),(2590,2019,10,'3082D',0.9910000,'0'),(2591,2019,11,'3082D',1.0000000,'NO'),(2592,2019,12,'3082D',1.0000000,'NO'),(2593,2019,13,'3082D',1.0000000,'NO'),(2594,2019,14,'3082D',0.0340000,'190'),(2595,2019,15,'3082D',1.0000000,'NO'),(2596,2019,16,'3082D',1.0000000,'NO'),(2597,2019,17,'3082D',1.0000000,'NO'),(2598,2019,18,'3082D',0.0000000,'SI'),(2599,2019,19,'3082D',0.0000000,'SI '),(2600,2019,20,'3082D',1.0000000,'NO'),(2601,2019,21,'3082D',1.0000000,'NO'),(2602,2019,22,'3082D',0.0140000,'<10'),(2603,2019,23,'3082D',0.9860000,'>40'),(2604,2019,24,'3082D',0.4140000,'52.4'),(2605,2019,25,'3082D',1.0000000,'NO'),(2606,2019,26,'3082D',1.0000000,'NO'),(2607,2019,27,'3082D',1.0000000,'SI'),(2608,2019,28,'3082D',1.0000000,'SI'),(2609,2019,29,'3082D',0.0000000,'NO'),(2610,2019,30,'3082D',1.0000000,'SI'),(2611,2019,1,'3074A',1.0000000,'NO'),(2612,2019,2,'3074A',1.0000000,'NO'),(2613,2019,3,'3074A',0.0000000,'SI'),(2614,2019,4,'3074A',1.0000000,'NO'),(2615,2019,5,'3074A',0.8050000,'<50'),(2616,2019,6,'3074A',0.0150000,'94'),(2617,2019,7,'3074A',1.0000000,'NO'),(2618,2019,8,'3074A',0.4470000,'0.77'),(2619,2019,9,'3074A',0.9890000,'51'),(2620,2019,10,'3074A',0.9910000,'4'),(2621,2019,11,'3074A',1.0000000,'NO'),(2622,2019,12,'3074A',1.0000000,'NO'),(2623,2019,13,'3074A',1.0000000,'NO'),(2624,2019,14,'3074A',0.0340000,'190'),(2625,2019,15,'3074A',1.0000000,'NO'),(2626,2019,16,'3074A',1.0000000,'NO'),(2627,2019,17,'3074A',0.0000000,'SI'),(2628,2019,18,'3074A',0.0000000,'SI'),(2629,2019,19,'3074A',1.0000000,'NO'),(2630,2019,20,'3074A',1.0000000,'NO'),(2631,2019,21,'3074A',1.0000000,'NO'),(2632,2019,22,'3074A',0.0140000,'<10'),(2633,2019,23,'3074A',0.9860000,'>40'),(2634,2019,24,'3074A',0.2510000,'57.65'),(2635,2019,25,'3074A',1.0000000,'NO'),(2636,2019,26,'3074A',1.0000000,'NO'),(2637,2019,27,'3074A',0.0000000,'NO'),(2638,2019,28,'3074A',1.0000000,'SI'),(2639,2019,29,'3074A',1.0000000,'SI'),(2640,2019,30,'3074A',1.0000000,'SI'),(2641,2019,1,'3072A',1.0000000,'NO'),(2642,2019,2,'3072A',1.0000000,'NO'),(2643,2019,3,'3072A',0.0000000,'SI'),(2644,2019,4,'3072A',1.0000000,'NO'),(2645,2019,5,'3072A',0.1950000,'>50'),(2646,2019,6,'3072A',0.0150000,'94'),(2647,2019,7,'3072A',1.0000000,'NO'),(2648,2019,8,'3072A',0.4470000,'0.77'),(2649,2019,9,'3072A',0.9890000,'51'),(2650,2019,10,'3072A',0.9910000,'4'),(2651,2019,11,'3072A',1.0000000,'NO'),(2652,2019,12,'3072A',1.0000000,'NO'),(2653,2019,13,'3072A',1.0000000,'NO'),(2654,2019,14,'3072A',0.0190000,'180'),(2655,2019,15,'3072A',1.0000000,'NO'),(2656,2019,16,'3072A',1.0000000,'NO'),(2657,2019,17,'3072A',0.0000000,'SI'),(2658,2019,18,'3072A',0.0000000,'SI'),(2659,2019,19,'3072A',0.0000000,'SI'),(2660,2019,20,'3072A',1.0000000,'NO'),(2661,2019,21,'3072A',1.0000000,'NO'),(2662,2019,22,'3072A',0.0140000,'<10'),(2663,2019,23,'3072A',0.5000000,'<40'),(2664,2019,24,'3072A',0.1900000,'60.17'),(2665,2019,25,'3072A',1.0000000,'NO'),(2666,2019,26,'3072A',1.0000000,'NO'),(2667,2019,27,'3072A',1.0000000,'SI'),(2668,2019,28,'3072A',1.0000000,'SI'),(2669,2019,29,'3072A',1.0000000,'SI'),(2670,2019,30,'3072A',1.0000000,'SI'),(2671,2019,1,'3073A',1.0000000,'NO'),(2672,2019,2,'3073A',1.0000000,'NO'),(2673,2019,3,'3073A',0.0000000,'SI'),(2674,2019,4,'3073A',1.0000000,'NO'),(2675,2019,5,'3073A',0.8050000,'<50'),(2676,2019,6,'3073A',0.0150000,'94'),(2677,2019,7,'3073A',1.0000000,'NO'),(2678,2019,8,'3073A',0.4470000,'0.77'),(2679,2019,9,'3073A',0.9890000,'51'),(2680,2019,10,'3073A',0.9910000,'4'),(2681,2019,11,'3073A',1.0000000,'NO'),(2682,2019,12,'3073A',1.0000000,'NO'),(2683,2019,13,'3073A',1.0000000,'NO'),(2684,2019,14,'3073A',0.0340000,'190'),(2685,2019,15,'3073A',1.0000000,'NO'),(2686,2019,16,'3073A',1.0000000,'NO'),(2687,2019,17,'3073A',1.0000000,'NO'),(2688,2019,18,'3073A',0.0000000,'SI'),(2689,2019,19,'3073A',0.0000000,'SI '),(2690,2019,20,'3073A',1.0000000,'NO'),(2691,2019,21,'3073A',1.0000000,'NO'),(2692,2019,22,'3073A',0.0140000,'<10'),(2693,2019,23,'3073A',0.9860000,'>40'),(2694,2019,24,'3073A',0.2910000,'56.25'),(2695,2019,25,'3073A',1.0000000,'NO'),(2696,2019,26,'3073A',1.0000000,'NO'),(2697,2019,27,'3073A',0.0000000,'NO'),(2698,2019,28,'3073A',1.0000000,'SI'),(2699,2019,29,'3073A',1.0000000,'SI'),(2700,2019,30,'3073A',1.0000000,'SI'),(2701,2019,1,'3014A',1.0000000,'NO'),(2702,2019,2,'3014A',1.0000000,'NO'),(2703,2019,3,'3014A',0.0000000,'SI'),(2704,2019,4,'3014A',1.0000000,'NO'),(2705,2019,5,'3014A',0.8050000,'<50'),(2706,2019,6,'3014A',0.0200000,'91'),(2707,2019,7,'3014A',1.0000000,'NO'),(2708,2019,8,'3014A',0.3140000,'0.69'),(2709,2019,9,'3014A',0.9840000,'70'),(2710,2019,10,'3014A',0.9910000,'0'),(2711,2019,11,'3014A',1.0000000,'NO '),(2712,2019,12,'3014A',1.0000000,'NO '),(2713,2019,13,'3014A',1.0000000,'NO '),(2714,2019,14,'3014A',0.0340000,'190'),(2715,2019,15,'3014A',1.0000000,'NO '),(2716,2019,16,'3014A',1.0000000,'NO '),(2717,2019,17,'3014A',1.0000000,'NO '),(2718,2019,18,'3014A',0.0000000,'SI'),(2719,2019,19,'3014A',0.0000000,'SI '),(2720,2019,20,'3014A',1.0000000,'NO '),(2721,2019,21,'3014A',1.0000000,'NO '),(2722,2019,22,'3014A',0.0140000,'<10'),(2723,2019,23,'3014A',0.9860000,'>40'),(2724,2019,24,'3014A',0.0600000,'69.36'),(2725,2019,25,'3014A',1.0000000,'NO'),(2726,2019,26,'3014A',1.0000000,'NO'),(2727,2019,27,'3014A',0.0000000,'NO '),(2728,2019,28,'3014A',1.0000000,'SI'),(2729,2019,29,'3014A',1.0000000,'SI'),(2730,2019,30,'3014A',1.0000000,'SI'),(2731,2019,1,'3075B',1.0000000,'NO'),(2732,2019,2,'3075B',1.0000000,'NO'),(2733,2019,3,'3075B',0.0000000,'SI'),(2734,2019,4,'3075B',1.0000000,'NO'),(2735,2019,5,'3075B',0.8050000,'<50'),(2736,2019,6,'3075B',0.0150000,'94'),(2737,2019,7,'3075B',1.0000000,'NO'),(2738,2019,8,'3075B',0.4470000,'0.77'),(2739,2019,9,'3075B',0.9890000,'51'),(2740,2019,10,'3075B',0.9910000,'4'),(2741,2019,11,'3075B',1.0000000,'NO'),(2742,2019,12,'3075B',1.0000000,'NO'),(2743,2019,13,'3075B',1.0000000,'NO'),(2744,2019,14,'3075B',0.0340000,'190'),(2745,2019,15,'3075B',1.0000000,'NO'),(2746,2019,16,'3075B',1.0000000,'NO'),(2747,2019,17,'3075B',1.0000000,'NO'),(2748,2019,18,'3075B',0.0000000,'SI'),(2749,2019,19,'3075B',1.0000000,'NO'),(2750,2019,20,'3075B',1.0000000,'NO'),(2751,2019,21,'3075B',1.0000000,'NO'),(2752,2019,22,'3075B',0.0140000,'<10'),(2753,2019,23,'3075B',0.9860000,'>40'),(2754,2019,24,'3075B',0.2040000,'59.57'),(2755,2019,25,'3075B',1.0000000,'NO'),(2756,2019,26,'3075B',1.0000000,'NO'),(2757,2019,27,'3075B',0.0000000,'NO'),(2758,2019,28,'3075B',1.0000000,'SI'),(2759,2019,29,'3075B',1.0000000,'SI'),(2760,2019,30,'3075B',1.0000000,'SI'),(2761,2019,1,'3022B',1.0000000,'NO'),(2762,2019,2,'3022B',1.0000000,'NO'),(2763,2019,3,'3022B',0.0000000,'SI'),(2764,2019,4,'3022B',1.0000000,'NO'),(2765,2019,5,'3022B',0.8050000,'<50'),(2766,2019,6,'3022B',0.0280000,'87'),(2767,2019,7,'3022B',1.0000000,'NO'),(2768,2019,8,'3022B',0.3620000,'0.72'),(2769,2019,9,'3022B',0.9810000,'78'),(2770,2019,10,'3022B',0.9910000,'3'),(2771,2019,11,'3022B',1.0000000,'NO'),(2772,2019,12,'3022B',1.0000000,'NO'),(2773,2019,13,'3022B',1.0000000,'NO'),(2774,2019,14,'3022B',0.0340000,'190'),(2775,2019,15,'3022B',1.0000000,'NO'),(2776,2019,16,'3022B',1.0000000,'NO'),(2777,2019,17,'3022B',1.0000000,'NO'),(2778,2019,18,'3022B',0.0000000,'SI'),(2779,2019,19,'3022B',0.0000000,'SI'),(2780,2019,20,'3022B',1.0000000,'NO'),(2781,2019,21,'3022B',1.0000000,'NO'),(2782,2019,22,'3022B',0.0140000,'<10'),(2783,2019,23,'3022B',0.9860000,'>40'),(2784,2019,24,'3022B',0.3210000,'55.23'),(2785,2019,25,'3022B',1.0000000,'NO'),(2786,2019,26,'3022B',1.0000000,'NO'),(2787,2019,27,'3022B',0.0000000,'NO'),(2788,2019,28,'3022B',0.0000000,'NO'),(2789,2019,29,'3022B',1.0000000,'SI'),(2790,2019,30,'3022B',1.0000000,'SI'),(2791,2019,1,'3024A',1.0000000,'NO'),(2792,2019,2,'3024A',1.0000000,'NO'),(2793,2019,3,'3024A',1.0000000,'NO'),(2794,2019,4,'3024A',1.0000000,'NO'),(2795,2019,5,'3024A',0.8050000,'<50'),(2796,2019,6,'3024A',0.0280000,'87'),(2797,2019,7,'3024A',1.0000000,'NO'),(2798,2019,8,'3024A',0.3620000,'0.72'),(2799,2019,9,'3024A',0.9810000,'78'),(2800,2019,10,'3024A',0.9910000,'3'),(2801,2019,11,'3024A',1.0000000,'NO'),(2802,2019,12,'3024A',1.0000000,'NO'),(2803,2019,13,'3024A',1.0000000,'NO'),(2804,2019,14,'3024A',0.0340000,'190'),(2805,2019,15,'3024A',1.0000000,'NO'),(2806,2019,16,'3024A',1.0000000,'NO'),(2807,2019,17,'3024A',1.0000000,'NO'),(2808,2019,18,'3024A',0.0000000,'SI'),(2809,2019,19,'3024A',0.0000000,'SI'),(2810,2019,20,'3024A',1.0000000,'NO'),(2811,2019,21,'3024A',1.0000000,'NO'),(2812,2019,22,'3024A',0.0140000,'<10'),(2813,2019,23,'3024A',0.9860000,'>40'),(2814,2019,24,'3024A',0.0990000,'65.53'),(2815,2019,25,'3024A',1.0000000,'NO'),(2816,2019,26,'3024A',1.0000000,'NO'),(2817,2019,27,'3024A',0.0000000,'NO'),(2818,2019,28,'3024A',0.0000000,'NO'),(2819,2019,29,'3024A',1.0000000,'SI'),(2820,2019,30,'3024A',1.0000000,'SI'),(2821,2019,1,'3023B',1.0000000,'NO'),(2822,2019,2,'3023B',1.0000000,'NO'),(2823,2019,3,'3023B',0.0000000,'SI'),(2824,2019,4,'3023B',1.0000000,'NO'),(2825,2019,5,'3023B',0.8050000,'<50'),(2826,2019,6,'3023B',0.0280000,'87'),(2827,2019,7,'3023B',1.0000000,'NO'),(2828,2019,8,'3023B',0.3620000,'0.72'),(2829,2019,9,'3023B',0.9810000,'78'),(2830,2019,10,'3023B',0.9910000,'3'),(2831,2019,11,'3023B',1.0000000,'NO'),(2832,2019,12,'3023B',1.0000000,'NO'),(2833,2019,13,'3023B',1.0000000,'NO'),(2834,2019,14,'3023B',0.0340000,'190'),(2835,2019,15,'3023B',1.0000000,'NO'),(2836,2019,16,'3023B',1.0000000,'NO'),(2837,2019,17,'3023B',1.0000000,'NO'),(2838,2019,18,'3023B',0.0000000,'SI'),(2839,2019,19,'3023B',0.0000000,'SI'),(2840,2019,20,'3023B',1.0000000,'NO'),(2841,2019,21,'3023B',1.0000000,'NO'),(2842,2019,22,'3023B',0.0140000,'<10'),(2843,2019,23,'3023B',0.9860000,'>40'),(2844,2019,24,'3023B',0.2570000,'57.44'),(2845,2019,25,'3023B',1.0000000,'NO'),(2846,2019,26,'3023B',1.0000000,'NO'),(2847,2019,27,'3023B',1.0000000,'SI'),(2848,2019,28,'3023B',1.0000000,'SI'),(2849,2019,29,'3023B',0.0000000,'NO'),(2850,2019,30,'3023B',0.0000000,'NO'),(2851,2020,1,'2033A',0.0000000,'SI'),(2852,2020,2,'2033A',1.0000000,'NO'),(2853,2020,3,'2033A',1.0000000,'NO'),(2854,2020,4,'2033A',1.0000000,'NO'),(2855,2020,5,'2033A',0.1950000,'> 50'),(2856,2020,6,'2033A',0.0280000,'87'),(2857,2020,7,'2033A',0.0000000,'SI'),(2858,2020,8,'2033A',0.4650000,'0.78'),(2859,2020,9,'2033A',0.9810000,'80'),(2860,2020,10,'2033A',0.9910000,'2'),(2861,2020,11,'2033A',1.0000000,'NO'),(2862,2020,12,'2033A',0.0000000,'SI'),(2863,2020,13,'2033A',0.0000000,'SI'),(2864,2020,14,'2033A',0.0580000,'200'),(2865,2020,15,'2033A',1.0000000,'NO'),(2866,2020,16,'2033A',1.0000000,'NO'),(2867,2020,17,'2033A',0.0000000,'SI'),(2868,2020,18,'2033A',1.0000000,'NO'),(2869,2020,19,'2033A',0.0000000,'SI'),(2870,2020,20,'2033A',1.0000000,'NO'),(2871,2020,21,'2033A',0.0000000,'SI'),(2872,2020,22,'2033A',0.0140000,'0'),(2873,2020,23,'2033A',0.9860000,'> 40'),(2874,2020,24,'2033A',0.0050000,'87'),(2875,2020,25,'2033A',0.0000000,'SI'),(2876,2020,26,'2033A',0.0000000,'SI'),(2877,2020,27,'2033A',0.0000000,'NO'),(2878,2020,28,'2033A',1.0000000,'SI'),(2879,2020,29,'2033A',0.0000000,'NO'),(2880,2020,30,'2033A',0.0000000,'NO'),(5034,2020,1,'2033B',0.0000000,'SI'),(5035,2020,2,'2033B',0.0000000,'SI'),(5036,2020,3,'2033B',1.0000000,'NO'),(5037,2020,4,'2033B',1.0000000,'NO'),(5038,2020,5,'2033B',0.8051267,'< 50'),(5039,2020,6,'2033B',0.0147740,'94'),(5040,2020,7,'2033B',1.0000000,'NO'),(5041,2020,8,'2033B',0.1450766,'0.55'),(5042,2020,9,'2033B',0.9577912,'120'),(5043,2020,10,'2033B',0.9906130,'2'),(5044,2020,11,'2033B',0.0000000,'SI'),(5045,2020,12,'2033B',1.0000000,'NO'),(5046,2020,13,'2033B',1.0000000,'NO'),(5047,2020,14,'2033B',0.0035368,'150'),(5048,2020,15,'2033B',1.0000000,'NO'),(5049,2020,16,'2033B',1.0000000,'NO'),(5050,2020,17,'2033B',0.0000000,'SI'),(5051,2020,18,'2033B',0.0000000,'SI'),(5052,2020,19,'2033B',1.0000000,'NO'),(5053,2020,20,'2033B',1.0000000,'NO'),(5054,2020,21,'2033B',0.0000000,'SI'),(5055,2020,22,'2033B',0.0139669,'= 0'),(5056,2020,23,'2033B',0.9860414,'> 40'),(5057,2020,24,'2033B',0.9630664,'73'),(5058,2020,25,'2033B',0.0000000,'SI'),(5059,2020,26,'2033B',1.0000000,'NO'),(5060,2020,27,'2033B',0.0000000,'NO'),(5061,2020,28,'2033B',1.0000000,'SI'),(5632,2020,1,'30511B',0.0000000,'SI'),(5633,2020,2,'30511B',0.0000000,'SI'),(5634,2020,3,'30511B',0.0000000,'SI'),(5635,2020,4,'30511B',0.0000000,'SI'),(5636,2020,5,'30511B',0.1947165,'> 50'),(5637,2020,6,'30511B',0.6341356,'44'),(5638,2020,7,'30511B',1.0000000,'NO'),(5639,2020,8,'30511B',0.1735175,'0.58'),(5640,2020,9,'30511B',0.9090425,'161'),(5641,2020,10,'30511B',0.9906501,'0'),(5642,2020,11,'30511B',0.0000000,'SI'),(5643,2020,12,'30511B',0.0000000,'SI'),(5644,2020,13,'30511B',0.0000000,'SI'),(5645,2020,14,'30511B',0.0109761,'170'),(5646,2020,15,'30511B',1.0000000,'NO'),(5647,2020,16,'30511B',1.0000000,'NO'),(5648,2020,17,'30511B',0.0000000,'SI'),(5649,2020,18,'30511B',1.0000000,'NO'),(5650,2020,19,'30511B',0.0000000,'SI'),(5651,2020,20,'30511B',1.0000000,'NO'),(5652,2020,21,'30511B',0.0000000,'SI'),(5653,2020,22,'30511B',0.0139669,'< 10'),(5654,2020,23,'30511B',0.5000750,'< 40'),(5655,2020,24,'30511B',0.2979665,'56'),(5656,2020,25,'30511B',0.0000000,'SI'),(5657,2020,26,'30511B',0.0000000,'SI'),(5658,2020,27,'30511B',0.0000000,'NO'),(5659,2020,28,'30511B',0.0000000,'NO'),(5660,2020,29,'30511B',1.0000000,'SI'),(5661,2020,30,'30511B',1.0000000,'SI'),(5662,2020,1,'1151A',0.0000000,'SI'),(5663,2020,2,'1151A',0.0000000,'SI'),(5664,2020,3,'1151A',1.0000000,'NO'),(5665,2020,4,'1151A',1.0000000,'NO'),(5666,2020,5,'1151A',0.8051267,'< 50'),(5667,2020,6,'1151A',0.0147740,'94'),(5668,2020,7,'1151A',1.0000000,'NO'),(5669,2020,8,'1151A',0.1450766,'0.55'),(5670,2020,9,'1151A',0.9577912,'120'),(5671,2020,10,'1151A',0.9906130,'2'),(5672,2020,11,'1151A',0.0000000,'SI'),(5673,2020,12,'1151A',1.0000000,'NO'),(5674,2020,13,'1151A',1.0000000,'NO'),(5675,2020,14,'1151A',0.0035368,'150'),(5676,2020,15,'1151A',1.0000000,'NO'),(5677,2020,16,'1151A',1.0000000,'NO'),(5678,2020,17,'1151A',0.0000000,'SI'),(5679,2020,18,'1151A',0.0000000,'SI'),(5680,2020,19,'1151A',1.0000000,'NO'),(5681,2020,20,'1151A',1.0000000,'NO'),(5682,2020,21,'1151A',0.0000000,'SI'),(5683,2020,22,'1151A',0.0139669,'= 0'),(5684,2020,23,'1151A',0.9860414,'> 40'),(5685,2020,24,'1151A',0.0008203,'100'),(5686,2020,25,'1151A',0.0000000,'SI'),(5687,2020,26,'1151A',1.0000000,'NO'),(5688,2020,27,'1151A',0.0000000,'NO'),(5689,2020,28,'1151A',0.0000000,'NO'),(5690,2020,29,'1151A',0.0000000,'NO'),(5691,2020,30,'1151A',0.0000000,'NO');
/*!40000 ALTER TABLE `INDICADORXASADA` ENABLE KEYS */;
UNLOCK TABLES;

--
-- Temporary table structure for view `IRSSAS_VIEW`
--

DROP TABLE IF EXISTS `IRSSAS_VIEW`;
/*!50001 DROP VIEW IF EXISTS `IRSSAS_VIEW`*/;
SET @saved_cs_client     = @@character_set_client;
SET character_set_client = utf8;
/*!50001 CREATE TABLE `IRSSAS_VIEW` (
  `irssas` tinyint NOT NULL,
  `asada_id` tinyint NOT NULL
) ENGINE=MyISAM */;
SET character_set_client = @saved_cs_client;

--
-- Table structure for table `LINEAL`
--

DROP TABLE IF EXISTS `LINEAL`;
/*!40101 SET @saved_cs_client     = @@character_set_client */;
/*!40101 SET character_set_client = utf8 */;
CREATE TABLE `LINEAL` (
  `ID` int(11) NOT NULL AUTO_INCREMENT,
  `Pendiente` double(6,3) DEFAULT NULL,
  `Ordenada` double(6,3) DEFAULT NULL,
  `INDICADOR_ID` int(11) DEFAULT NULL,
  PRIMARY KEY (`ID`),
  KEY `LINEAL_INDICADOR_FK` (`INDICADOR_ID`),
  CONSTRAINT `LINEAL_INDICADOR_FK` FOREIGN KEY (`INDICADOR_ID`) REFERENCES `INDICADOR` (`ID`) ON DELETE CASCADE
) ENGINE=InnoDB AUTO_INCREMENT=16 DEFAULT CHARSET=utf8;
/*!40101 SET character_set_client = @saved_cs_client */;

--
-- Dumping data for table `LINEAL`
--

LOCK TABLES `LINEAL` WRITE;
/*!40000 ALTER TABLE `LINEAL` DISABLE KEYS */;
INSERT INTO `LINEAL` VALUES (1,9.461,-4.730,5),(2,0.095,-4.730,6),(3,-7.095,5.676,8),(4,0.020,-5.522,9),(5,0.002,-4.663,10),(6,-0.057,14.191,14),(7,-14.191,4.257,22),(8,-14.191,4.257,23),(9,0.142,-7.095,24);
/*!40000 ALTER TABLE `LINEAL` ENABLE KEYS */;
UNLOCK TABLES;

--
-- Table structure for table `MEDIDA`
--

DROP TABLE IF EXISTS `MEDIDA`;
/*!40101 SET @saved_cs_client     = @@character_set_client */;
/*!40101 SET character_set_client = utf8 */;
CREATE TABLE `MEDIDA` (
  `ID` int(11) NOT NULL AUTO_INCREMENT,
  `Nombre` varchar(50) DEFAULT NULL,
  PRIMARY KEY (`ID`)
) ENGINE=InnoDB AUTO_INCREMENT=8 DEFAULT CHARSET=utf8;
/*!40101 SET character_set_client = @saved_cs_client */;

--
-- Dumping data for table `MEDIDA`
--

LOCK TABLES `MEDIDA` WRITE;
/*!40000 ALTER TABLE `MEDIDA` DISABLE KEYS */;
INSERT INTO `MEDIDA` VALUES (1,'Dicotomica\r'),(2,'Dicotomica Inversa\r'),(3,'Porcentaje\r'),(4,'Numero\r'),(5,'Nominal\r');
/*!40000 ALTER TABLE `MEDIDA` ENABLE KEYS */;
UNLOCK TABLES;

--
-- Table structure for table `NOMINAL`
--

DROP TABLE IF EXISTS `NOMINAL`;
/*!40101 SET @saved_cs_client     = @@character_set_client */;
/*!40101 SET character_set_client = utf8 */;
CREATE TABLE `NOMINAL` (
  `ID` int(11) NOT NULL AUTO_INCREMENT,
  `Simbolo` varchar(2) DEFAULT NULL,
  `Porcentaje` double(6,3) DEFAULT NULL,
  `Valor` int(11) DEFAULT NULL,
  `INDICADOR_ID` int(11) DEFAULT NULL,
  PRIMARY KEY (`ID`),
  KEY `NOMINAL_INDICADOR_FK` (`INDICADOR_ID`),
  CONSTRAINT `NOMINAL_INDICADOR_FK` FOREIGN KEY (`INDICADOR_ID`) REFERENCES `INDICADOR` (`ID`) ON DELETE CASCADE
) ENGINE=InnoDB AUTO_INCREMENT=16 DEFAULT CHARSET=utf8;
/*!40101 SET character_set_client = @saved_cs_client */;

--
-- Dumping data for table `NOMINAL`
--

LOCK TABLES `NOMINAL` WRITE;
/*!40000 ALTER TABLE `NOMINAL` DISABLE KEYS */;
INSERT INTO `NOMINAL` VALUES (1,'=',0.000,0,5),(2,'=',1.000,100,5),(3,'>',0.650,50,5),(4,'<',0.350,50,5),(5,'=',0.000,0,22),(6,'>',0.500,10,22),(7,'<',0.000,10,22),(8,'=',0.000,0,23),(9,'>',0.600,40,23),(10,'<',0.300,40,23);
/*!40000 ALTER TABLE `NOMINAL` ENABLE KEYS */;
UNLOCK TABLES;

--
-- Table structure for table `NOTIFICACIONES_ADMIN`
--

DROP TABLE IF EXISTS `NOTIFICACIONES_ADMIN`;
/*!40101 SET @saved_cs_client     = @@character_set_client */;
/*!40101 SET character_set_client = utf8 */;
CREATE TABLE `NOTIFICACIONES_ADMIN` (
  `ID` int(11) NOT NULL AUTO_INCREMENT,
  `NOMBRE_USUARIO` varchar(50) NOT NULL,
  `DETALLES` varchar(200) NOT NULL,
  `FECHAHORA` datetime NOT NULL DEFAULT CURRENT_TIMESTAMP,
  PRIMARY KEY (`ID`),
  KEY `NOTIFICACIONES_ADMIN_FK` (`NOMBRE_USUARIO`),
  CONSTRAINT `NOTIFICACIONES_ADMIN_FK` FOREIGN KEY (`NOMBRE_USUARIO`) REFERENCES `USUARIO` (`USUARIO`) ON DELETE CASCADE
) ENGINE=InnoDB AUTO_INCREMENT=7 DEFAULT CHARSET=utf8;
/*!40101 SET character_set_client = @saved_cs_client */;

--
-- Dumping data for table `NOTIFICACIONES_ADMIN`
--

LOCK TABLES `NOTIFICACIONES_ADMIN` WRITE;
/*!40000 ALTER TABLE `NOTIFICACIONES_ADMIN` DISABLE KEYS */;
INSERT INTO `NOTIFICACIONES_ADMIN` VALUES (1,'emjironal@gmail.com','Se le recuerda llenar el formulario correspondiente a ser actualizado','2020-06-02 21:38:16'),(2,'emjironal@gmail.com','Recordatorio 2 Se le recuerda llenar el formulario correspondiente a ser actualizado','2020-06-02 21:40:51'),(3,'rubengv1999@gmail.com','Se le recuerda llenar el formulario correspondiente para este año','2020-06-03 23:17:00'),(4,'edjiron@gmail.com','Se le recuerda llenar el formulario correspondiente para este año','2020-06-03 23:17:00'),(5,'emjironal@gmail.com','Se le recuerda llenar el formulario correspondiente para este año','2020-06-03 23:17:00'),(6,'smoyaqops@gmail.com','Se le recuerda llenar el formulario correspondiente para este año','2020-06-03 23:17:00');
/*!40000 ALTER TABLE `NOTIFICACIONES_ADMIN` ENABLE KEYS */;
UNLOCK TABLES;

--
-- Table structure for table `PROVINCIA`
--

DROP TABLE IF EXISTS `PROVINCIA`;
/*!40101 SET @saved_cs_client     = @@character_set_client */;
/*!40101 SET character_set_client = utf8 */;
CREATE TABLE `PROVINCIA` (
  `ID` int(11) NOT NULL,
  `Nombre` varchar(10) DEFAULT NULL,
  PRIMARY KEY (`ID`)
) ENGINE=InnoDB DEFAULT CHARSET=utf8;
/*!40101 SET character_set_client = @saved_cs_client */;

--
-- Dumping data for table `PROVINCIA`
--

LOCK TABLES `PROVINCIA` WRITE;
/*!40000 ALTER TABLE `PROVINCIA` DISABLE KEYS */;
INSERT INTO `PROVINCIA` VALUES (1,'SAN JOSÉ\r'),(2,'ALAJUELA\r'),(3,'CARTAGO\r'),(4,'HEREDIA\r'),(5,'GUANACASTE'),(6,'PUNTARENAS'),(7,'LIMÓN\r');
/*!40000 ALTER TABLE `PROVINCIA` ENABLE KEYS */;
UNLOCK TABLES;

--
-- Table structure for table `RANGOXINDICADOR`
--

DROP TABLE IF EXISTS `RANGOXINDICADOR`;
/*!40101 SET @saved_cs_client     = @@character_set_client */;
/*!40101 SET character_set_client = utf8 */;
CREATE TABLE `RANGOXINDICADOR` (
  `ID` int(11) NOT NULL AUTO_INCREMENT,
  `INDICADOR_ID` int(11) NOT NULL,
  `MINIMO` double(6,3) NOT NULL,
  `MAXIMO` double(6,3) NOT NULL,
  PRIMARY KEY (`ID`),
  KEY `RANGOXINDICADOR_INDICADOR_FK` (`INDICADOR_ID`),
  CONSTRAINT `RANGOXINDICADOR_INDICADOR_FK` FOREIGN KEY (`INDICADOR_ID`) REFERENCES `INDICADOR` (`ID`) ON DELETE CASCADE
) ENGINE=InnoDB AUTO_INCREMENT=8 DEFAULT CHARSET=utf8;
/*!40101 SET character_set_client = @saved_cs_client */;

--
-- Dumping data for table `RANGOXINDICADOR`
--

LOCK TABLES `RANGOXINDICADOR` WRITE;
/*!40000 ALTER TABLE `RANGOXINDICADOR` DISABLE KEYS */;
INSERT INTO `RANGOXINDICADOR` VALUES (1,6,0.000,100.000),(2,8,0.300,2.000),(3,9,2.000,250.000),(4,10,0.000,6.000),(5,14,50.000,400.000),(6,24,0.000,100.000);
/*!40000 ALTER TABLE `RANGOXINDICADOR` ENABLE KEYS */;
UNLOCK TABLES;

--
-- Table structure for table `SOLICITUDASADA`
--

DROP TABLE IF EXISTS `SOLICITUDASADA`;
/*!40101 SET @saved_cs_client     = @@character_set_client */;
/*!40101 SET character_set_client = utf8 */;
CREATE TABLE `SOLICITUDASADA` (
  `ID` int(11) NOT NULL AUTO_INCREMENT,
  `NOMBRE` varchar(150) DEFAULT NULL,
  `DISTRITO_ID` int(11) NOT NULL,
  `LATITUD` varchar(50) DEFAULT NULL,
  `LONGITUD` varchar(50) DEFAULT NULL,
  `ASOCIACION` int(11) DEFAULT NULL,
  `PENDIENTE` tinyint(1) DEFAULT NULL,
  `FECHAHORA` datetime NOT NULL DEFAULT CURRENT_TIMESTAMP,
  PRIMARY KEY (`ID`),
  KEY `SOLICITUDASADA_DISTRITO_FK` (`DISTRITO_ID`),
  CONSTRAINT `SOLICITUDASADA_DISTRITO_FK` FOREIGN KEY (`DISTRITO_ID`) REFERENCES `DISTRITO` (`Codigo`) ON DELETE CASCADE
) ENGINE=InnoDB AUTO_INCREMENT=30 DEFAULT CHARSET=utf8;
/*!40101 SET character_set_client = @saved_cs_client */;

--
-- Dumping data for table `SOLICITUDASADA`
--

LOCK TABLES `SOLICITUDASADA` WRITE;
/*!40000 ALTER TABLE `SOLICITUDASADA` DISABLE KEYS */;
INSERT INTO `SOLICITUDASADA` VALUES (12,'ASADA San Pedro',1151,'-84.556378','8.043213',0,1,'2020-05-26 20:48:33'),(14,'ASADA Prueba 3',1151,'-84.556378','8.13213',0,0,'2020-06-03 03:30:14'),(29,'ASADA Montes de Oca',1151,'-82.949547','8.043213',0,NULL,'2020-06-18 04:24:58');
/*!40000 ALTER TABLE `SOLICITUDASADA` ENABLE KEYS */;
UNLOCK TABLES;

--
-- Table structure for table `SOLICITUDASADAINFO`
--

DROP TABLE IF EXISTS `SOLICITUDASADAINFO`;
/*!40101 SET @saved_cs_client     = @@character_set_client */;
/*!40101 SET character_set_client = utf8 */;
CREATE TABLE `SOLICITUDASADAINFO` (
  `ID` int(11) NOT NULL AUTO_INCREMENT,
  `ASADA_ID` int(11) NOT NULL,
  `UBICACION` varchar(200) DEFAULT NULL,
  `TELEFONO` varchar(15) DEFAULT NULL,
  `POBLACION` varchar(6) DEFAULT NULL,
  `URL` varchar(200) DEFAULT NULL,
  `CANTABONADOS` varchar(6) DEFAULT NULL,
  `CELULAR` varchar(15) DEFAULT NULL,
  PRIMARY KEY (`ID`),
  KEY `INFO_SOLICITUDASADA_FK` (`ASADA_ID`),
  CONSTRAINT `INFO_SOLICITUDASADA_FK` FOREIGN KEY (`ASADA_ID`) REFERENCES `SOLICITUDASADA` (`ID`) ON DELETE CASCADE
) ENGINE=InnoDB AUTO_INCREMENT=28 DEFAULT CHARSET=utf8;
/*!40101 SET character_set_client = @saved_cs_client */;

--
-- Dumping data for table `SOLICITUDASADAINFO`
--

LOCK TABLES `SOLICITUDASADAINFO` WRITE;
/*!40000 ALTER TABLE `SOLICITUDASADAINFO` DISABLE KEYS */;
INSERT INTO `SOLICITUDASADAINFO` VALUES (12,12,'fasdfasdf','12345678','32','no','112','121345678'),(14,14,'asdfsadf','12312334','123','no','16','12311223'),(27,29,'De la calle del correo 200m oeste','10000008','30','no','10','10000007');
/*!40000 ALTER TABLE `SOLICITUDASADAINFO` ENABLE KEYS */;
UNLOCK TABLES;

--
-- Table structure for table `SOLICITUDUSUARIO`
--

DROP TABLE IF EXISTS `SOLICITUDUSUARIO`;
/*!40101 SET @saved_cs_client     = @@character_set_client */;
/*!40101 SET character_set_client = utf8 */;
CREATE TABLE `SOLICITUDUSUARIO` (
  `ID` int(11) NOT NULL AUTO_INCREMENT,
  `NOMBRE` varchar(100) DEFAULT NULL,
  `USUARIO` varchar(50) NOT NULL,
  `CONTRASENNA` varchar(50) DEFAULT NULL,
  `TIPO` int(1) DEFAULT NULL,
  `ASADA_ID` int(11) NOT NULL,
  PRIMARY KEY (`ID`),
  UNIQUE KEY `USUARIO` (`USUARIO`),
  KEY `SOLICITUDUSUARIO_SOLICITUDASADA_FK` (`ASADA_ID`),
  CONSTRAINT `SOLICITUDUSUARIO_SOLICITUDASADA_FK` FOREIGN KEY (`ASADA_ID`) REFERENCES `SOLICITUDASADA` (`ID`) ON DELETE CASCADE
) ENGINE=InnoDB AUTO_INCREMENT=27 DEFAULT CHARSET=utf8;
/*!40101 SET character_set_client = @saved_cs_client */;

--
-- Dumping data for table `SOLICITUDUSUARIO`
--

LOCK TABLES `SOLICITUDUSUARIO` WRITE;
/*!40000 ALTER TABLE `SOLICITUDUSUARIO` DISABLE KEYS */;
INSERT INTO `SOLICITUDUSUARIO` VALUES (11,'Pedro','emjironal@gmail.com',NULL,NULL,12),(13,'Pruebaman 2','pruebaman2@gmail.com',NULL,NULL,14),(26,'Montes de Oca','emjironal@estudiantec.cr',NULL,NULL,29);
/*!40000 ALTER TABLE `SOLICITUDUSUARIO` ENABLE KEYS */;
UNLOCK TABLES;

--
-- Table structure for table `SUBCOMPONENTE`
--

DROP TABLE IF EXISTS `SUBCOMPONENTE`;
/*!40101 SET @saved_cs_client     = @@character_set_client */;
/*!40101 SET character_set_client = utf8 */;
CREATE TABLE `SUBCOMPONENTE` (
  `ID` int(11) NOT NULL AUTO_INCREMENT,
  `Nombre` varchar(50) DEFAULT NULL,
  `Valor` double(10,7) NOT NULL,
  `COMPONENTE_ID` int(11) NOT NULL,
  `CantPreguntas` int(11) DEFAULT NULL,
  `Siglas` varchar(5) DEFAULT NULL,
  PRIMARY KEY (`ID`),
  KEY `SUBCOMPONENTE_COMPONENTE_FK` (`COMPONENTE_ID`),
  CONSTRAINT `SUBCOMPONENTE_COMPONENTE_FK` FOREIGN KEY (`COMPONENTE_ID`) REFERENCES `COMPONENTE` (`ID`) ON DELETE CASCADE
) ENGINE=InnoDB AUTO_INCREMENT=16 DEFAULT CHARSET=utf8;
/*!40101 SET character_set_client = @saved_cs_client */;

--
-- Dumping data for table `SUBCOMPONENTE`
--

LOCK TABLES `SUBCOMPONENTE` WRITE;
/*!40000 ALTER TABLE `SUBCOMPONENTE` DISABLE KEYS */;
INSERT INTO `SUBCOMPONENTE` VALUES (1,'GESTIÓN DE AGUAS RESIDUALES',50.0000000,1,5,'GAR\r'),(2,'GESTIÓN DE RESIDUOS SÓLIDOS',50.0000000,1,5,'GRS\r'),(3,'GESTIÓN DE PROTECCIÓN DEL RECURSO HÍDRICO',50.0000000,2,7,'GPRH\r'),(4,'GESTIÓN DE AGUA POTABLE',30.0000000,2,4,'GAP\r'),(5,'GESTIÓN ADMINISTRACIÓN/FINANCIERO',20.0000000,2,2,'GAF\r'),(6,'ÍNDICE DE DESARROLLO SOCIAL',100.0000000,3,1,'IDS\r'),(7,'EDUCACIÓN',100.0000000,4,2,'EC\r'),(8,'FENÓMENOS NATURALES',100.0000000,5,4,'FN\r');
/*!40000 ALTER TABLE `SUBCOMPONENTE` ENABLE KEYS */;
UNLOCK TABLES;

--
-- Temporary table structure for view `SUBCOMPONENTE_IRSSAS_VIEW`
--

DROP TABLE IF EXISTS `SUBCOMPONENTE_IRSSAS_VIEW`;
/*!50001 DROP VIEW IF EXISTS `SUBCOMPONENTE_IRSSAS_VIEW`*/;
SET @saved_cs_client     = @@character_set_client;
SET character_set_client = utf8;
/*!50001 CREATE TABLE `SUBCOMPONENTE_IRSSAS_VIEW` (
  `subcomponente` tinyint NOT NULL,
  `subcomponente_id` tinyint NOT NULL,
  `asada_id` tinyint NOT NULL
) ENGINE=MyISAM */;
SET character_set_client = @saved_cs_client;

--
-- Table structure for table `TEMPRESPUESTAFORM`
--

DROP TABLE IF EXISTS `TEMPRESPUESTAFORM`;
/*!40101 SET @saved_cs_client     = @@character_set_client */;
/*!40101 SET character_set_client = utf8 */;
CREATE TABLE `TEMPRESPUESTAFORM` (
  `ID` int(11) NOT NULL AUTO_INCREMENT,
  `ANNO` int(11) NOT NULL,
  `INDICADOR_ID` int(11) NOT NULL,
  `ASADA_ID` varchar(20) NOT NULL,
  `TEXTO` varchar(20) NOT NULL,
  PRIMARY KEY (`ID`),
  KEY `TEMPRESPUESTAFORM_INDICADOR_FK` (`INDICADOR_ID`),
  KEY `TEMPRESPUESTAFORM_ASADA_FK` (`ASADA_ID`),
  CONSTRAINT `TEMPRESPUESTAFORM_ASADA_FK` FOREIGN KEY (`ASADA_ID`) REFERENCES `ASADA` (`ID`) ON DELETE CASCADE,
  CONSTRAINT `TEMPRESPUESTAFORM_INDICADOR_FK` FOREIGN KEY (`INDICADOR_ID`) REFERENCES `INDICADOR` (`ID`) ON DELETE CASCADE
) ENGINE=InnoDB AUTO_INCREMENT=984 DEFAULT CHARSET=utf8;
/*!40101 SET character_set_client = @saved_cs_client */;

--
-- Dumping data for table `TEMPRESPUESTAFORM`
--

LOCK TABLES `TEMPRESPUESTAFORM` WRITE;
/*!40000 ALTER TABLE `TEMPRESPUESTAFORM` DISABLE KEYS */;
INSERT INTO `TEMPRESPUESTAFORM` VALUES (90,2020,1,'2033B','0'),(91,2020,2,'2033B','0'),(92,2020,3,'2033B','1'),(93,2020,4,'2033B','1'),(94,2020,5,'2033B','0.35'),(95,2020,6,'2033B','94'),(96,2020,7,'2033B','1'),(97,2020,8,'2033B','0.55'),(98,2020,9,'2033B','120'),(99,2020,10,'2033B','2'),(100,2020,11,'2033B','0'),(101,2020,12,'2033B','1'),(102,2020,13,'2033B','1'),(103,2020,14,'2033B','150'),(104,2020,15,'2033B','1'),(105,2020,16,'2033B','1'),(106,2020,17,'2033B','0'),(107,2020,18,'2033B','0'),(108,2020,19,'2033B','1'),(109,2020,20,'2033B','1'),(110,2020,21,'2033B','0'),(111,2020,22,'2033B','0'),(112,2020,23,'2033B','0.6'),(113,2020,24,'2033B','73'),(114,2020,25,'2033B','0'),(115,2020,26,'2033B','1'),(116,2020,27,'2033B','0'),(117,2020,28,'2033B','1'),(118,2020,29,'2033B','0'),(119,2020,30,'2033B','0'),(867,2020,1,'30511B','0'),(868,2020,2,'30511B','0'),(869,2020,3,'30511B','0'),(870,2020,4,'30511B','0'),(871,2020,5,'30511B','0.65'),(872,2020,6,'30511B','44'),(873,2020,7,'30511B','1'),(874,2020,8,'30511B','0.58'),(875,2020,9,'30511B','161'),(876,2020,10,'30511B','0'),(877,2020,11,'30511B','0'),(878,2020,12,'30511B','0'),(879,2020,13,'30511B','0'),(880,2020,14,'30511B','170'),(881,2020,15,'30511B','1'),(882,2020,16,'30511B','1'),(883,2020,17,'30511B','0'),(884,2020,18,'30511B','1'),(885,2020,19,'30511B','0'),(886,2020,20,'30511B','1'),(887,2020,21,'30511B','0'),(888,2020,22,'30511B','0'),(889,2020,23,'30511B','0.3'),(890,2020,24,'30511B','56'),(891,2020,25,'30511B','0'),(892,2020,26,'30511B','0'),(893,2020,27,'30511B','0'),(894,2020,28,'30511B','0'),(895,2020,29,'30511B','1'),(896,2020,30,'30511B','1'),(956,2020,3,'1151A','1'),(957,2020,4,'1151A','1'),(958,2020,5,'1151A','0.35'),(959,2020,6,'1151A','94'),(960,2020,7,'1151A','1'),(961,2020,8,'1151A','0.55'),(962,2020,9,'1151A','120'),(963,2020,10,'1151A','2'),(964,2020,11,'1151A','0'),(965,2020,12,'1151A','1'),(966,2020,13,'1151A','1'),(967,2020,14,'1151A','150'),(968,2020,15,'1151A','1'),(969,2020,16,'1151A','1'),(970,2020,17,'1151A','0'),(971,2020,18,'1151A','0'),(972,2020,19,'1151A','1'),(973,2020,20,'1151A','1'),(974,2020,21,'1151A','0'),(975,2020,22,'1151A','0'),(976,2020,23,'1151A','0.6'),(977,2020,24,'1151A','100'),(978,2020,25,'1151A','0'),(979,2020,26,'1151A','1'),(980,2020,27,'1151A','0'),(981,2020,28,'1151A','0'),(982,2020,29,'1151A','0'),(983,2020,30,'1151A','0');
/*!40000 ALTER TABLE `TEMPRESPUESTAFORM` ENABLE KEYS */;
UNLOCK TABLES;

--
-- Table structure for table `USUARIO`
--

DROP TABLE IF EXISTS `USUARIO`;
/*!40101 SET @saved_cs_client     = @@character_set_client */;
/*!40101 SET character_set_client = utf8 */;
CREATE TABLE `USUARIO` (
  `ID` int(11) NOT NULL AUTO_INCREMENT,
  `Nombre` varchar(100) DEFAULT NULL,
  `USUARIO` varchar(50) NOT NULL,
  `Contrasenna` varchar(50) DEFAULT NULL,
  `Tipo` int(1) DEFAULT NULL,
  PRIMARY KEY (`ID`),
  UNIQUE KEY `USUARIO` (`USUARIO`)
) ENGINE=InnoDB AUTO_INCREMENT=21 DEFAULT CHARSET=utf8;
/*!40101 SET character_set_client = @saved_cs_client */;

--
-- Dumping data for table `USUARIO`
--

LOCK TABLES `USUARIO` WRITE;
/*!40000 ALTER TABLE `USUARIO` DISABLE KEYS */;
INSERT INTO `USUARIO` VALUES (1,'Lilliana Gaviria Montoya','lgaviria@itcr.ac.cr','kljjkdfdsu434f',1),(2,'Silvia Soto Cordoba','ssoto@itcr.ac.cr','difjf8934fikjdfd',1),(3,'Macario Pino Gomez','mpino@itcr.ac.cr','dkje3r9iffdjkei',1),(4,'Jaime Solano Soto','jaimess@itcr.ac.cr','jañskdfj98234',1),(5,'Superusuario','admin@admin.com','1234',1),(6,'Ruben Gonzalez Villanueva','rubengv1999@gmail.com','8132',2),(13,'Eduardo Jirón','edjiron@gmail.com','1234',2),(14,'Pedro','emjironal@gmail.com','1234',2),(15,'Steven Moya','smoyaqops@gmail.com','1018',2);
/*!40000 ALTER TABLE `USUARIO` ENABLE KEYS */;
UNLOCK TABLES;

--
-- Table structure for table `USUARIOXASADA`
--

DROP TABLE IF EXISTS `USUARIOXASADA`;
/*!40101 SET @saved_cs_client     = @@character_set_client */;
/*!40101 SET character_set_client = utf8 */;
CREATE TABLE `USUARIOXASADA` (
  `USUARIO_ID` int(11) NOT NULL,
  `ASADA_ID` varchar(20) NOT NULL,
  PRIMARY KEY (`USUARIO_ID`),
  UNIQUE KEY `USUARIO_ID` (`USUARIO_ID`),
  KEY `USUARIOASADA_ASADA_FK` (`ASADA_ID`),
  CONSTRAINT `USUARIOASADA_ASADA_FK` FOREIGN KEY (`ASADA_ID`) REFERENCES `ASADA` (`ID`) ON DELETE CASCADE,
  CONSTRAINT `USUARIOASADA_USUARIO_FK` FOREIGN KEY (`USUARIO_ID`) REFERENCES `USUARIO` (`ID`) ON DELETE CASCADE
) ENGINE=InnoDB DEFAULT CHARSET=utf8;
/*!40101 SET character_set_client = @saved_cs_client */;

--
-- Dumping data for table `USUARIOXASADA`
--

LOCK TABLES `USUARIOXASADA` WRITE;
/*!40000 ALTER TABLE `USUARIOXASADA` DISABLE KEYS */;
INSERT INTO `USUARIOXASADA` VALUES (14,'1151A'),(6,'3022A');
/*!40000 ALTER TABLE `USUARIOXASADA` ENABLE KEYS */;
UNLOCK TABLES;

--
-- Final view structure for view `COMPONENTE_IRSSAS_VIEW`
--

/*!50001 DROP TABLE IF EXISTS `COMPONENTE_IRSSAS_VIEW`*/;
/*!50001 DROP VIEW IF EXISTS `COMPONENTE_IRSSAS_VIEW`*/;
/*!50001 SET @saved_cs_client          = @@character_set_client */;
/*!50001 SET @saved_cs_results         = @@character_set_results */;
/*!50001 SET @saved_col_connection     = @@collation_connection */;
/*!50001 SET character_set_client      = utf8 */;
/*!50001 SET character_set_results     = utf8 */;
/*!50001 SET collation_connection      = utf8_general_ci */;
/*!50001 CREATE ALGORITHM=UNDEFINED */
/*!50013 DEFINER=`root`@`%` SQL SECURITY DEFINER */
/*!50001 VIEW `COMPONENTE_IRSSAS_VIEW` AS select (((sum((`ai`.`Valor` * `i`.`Valor`)) * 100) / `c`.`Valor`) * 100) AS `componente`,`c`.`ID` AS `componente_id`,`ai`.`ASADA_ID` AS `asada_id` from (((`INDICADORXASADA` `ai` join `INDICADOR` `i` on((`ai`.`INDICADOR_ID` = `i`.`ID`))) join `SUBCOMPONENTE` `s` on((`i`.`SUBCOMPONENTE_ID` = `s`.`ID`))) join `COMPONENTE` `c` on((`s`.`COMPONENTE_ID` = `c`.`ID`))) group by `ai`.`ASADA_ID`,`c`.`ID` */;
/*!50001 SET character_set_client      = @saved_cs_client */;
/*!50001 SET character_set_results     = @saved_cs_results */;
/*!50001 SET collation_connection      = @saved_col_connection */;

--
-- Final view structure for view `IRSSAS_VIEW`
--

/*!50001 DROP TABLE IF EXISTS `IRSSAS_VIEW`*/;
/*!50001 DROP VIEW IF EXISTS `IRSSAS_VIEW`*/;
/*!50001 SET @saved_cs_client          = @@character_set_client */;
/*!50001 SET @saved_cs_results         = @@character_set_results */;
/*!50001 SET @saved_col_connection     = @@collation_connection */;
/*!50001 SET character_set_client      = utf8 */;
/*!50001 SET character_set_results     = utf8 */;
/*!50001 SET collation_connection      = utf8_general_ci */;
/*!50001 CREATE ALGORITHM=UNDEFINED */
/*!50013 DEFINER=`root`@`%` SQL SECURITY DEFINER */
/*!50001 VIEW `IRSSAS_VIEW` AS select (sum((`ai`.`Valor` * `i`.`Valor`)) * 100) AS `irssas`,`ai`.`ASADA_ID` AS `asada_id` from (`INDICADORXASADA` `ai` join `INDICADOR` `i` on((`ai`.`INDICADOR_ID` = `i`.`ID`))) group by `ai`.`ASADA_ID` */;
/*!50001 SET character_set_client      = @saved_cs_client */;
/*!50001 SET character_set_results     = @saved_cs_results */;
/*!50001 SET collation_connection      = @saved_col_connection */;

--
-- Final view structure for view `SUBCOMPONENTE_IRSSAS_VIEW`
--

/*!50001 DROP TABLE IF EXISTS `SUBCOMPONENTE_IRSSAS_VIEW`*/;
/*!50001 DROP VIEW IF EXISTS `SUBCOMPONENTE_IRSSAS_VIEW`*/;
/*!50001 SET @saved_cs_client          = @@character_set_client */;
/*!50001 SET @saved_cs_results         = @@character_set_results */;
/*!50001 SET @saved_col_connection     = @@collation_connection */;
/*!50001 SET character_set_client      = utf8 */;
/*!50001 SET character_set_results     = utf8 */;
/*!50001 SET collation_connection      = utf8_general_ci */;
/*!50001 CREATE ALGORITHM=UNDEFINED */
/*!50013 DEFINER=`root`@`%` SQL SECURITY DEFINER */
/*!50001 VIEW `SUBCOMPONENTE_IRSSAS_VIEW` AS select (((sum((`ai`.`Valor` * `i`.`Valor`)) * 100) / `s`.`Valor`) * 100) AS `subcomponente`,`s`.`ID` AS `subcomponente_id`,`ai`.`ASADA_ID` AS `asada_id` from ((`INDICADORXASADA` `ai` join `INDICADOR` `i` on((`ai`.`INDICADOR_ID` = `i`.`ID`))) join `SUBCOMPONENTE` `s` on((`i`.`SUBCOMPONENTE_ID` = `s`.`ID`))) group by `ai`.`ASADA_ID`,`s`.`ID` */;
/*!50001 SET character_set_client      = @saved_cs_client */;
/*!50001 SET character_set_results     = @saved_cs_results */;
/*!50001 SET collation_connection      = @saved_col_connection */;
/*!40103 SET TIME_ZONE=@OLD_TIME_ZONE */;

/*!40101 SET SQL_MODE=@OLD_SQL_MODE */;
/*!40014 SET FOREIGN_KEY_CHECKS=@OLD_FOREIGN_KEY_CHECKS */;
/*!40014 SET UNIQUE_CHECKS=@OLD_UNIQUE_CHECKS */;
/*!40101 SET CHARACTER_SET_CLIENT=@OLD_CHARACTER_SET_CLIENT */;
/*!40101 SET CHARACTER_SET_RESULTS=@OLD_CHARACTER_SET_RESULTS */;
/*!40101 SET COLLATION_CONNECTION=@OLD_COLLATION_CONNECTION */;
/*!40111 SET SQL_NOTES=@OLD_SQL_NOTES */;

-- Dump completed on 2020-07-22 17:36:49
